MSOA21CD,n_oas,n_diff,disagree_pct
E02000001,34,1,2.941176470588235
E02000002,22,3,13.636363636363635
E02000003,30,2,6.666666666666667
E02000004,19,4,21.052631578947366
E02000005,29,1,3.4482758620689653
E02000007,26,1,3.8461538461538463
E02000008,36,2,5.555555555555555
E02000009,35,0,0.0
E02000010,25,0,0.0
E02000011,19,3,15.789473684210526
E02000012,26,0,0.0
E02000013,25,1,4.0
E02000014,29,3,10.344827586206897
E02000015,24,0,0.0
E02000016,28,2,7.142857142857142
E02000017,23,0,0.0
E02000018,27,2,7.4074074074074066
E02000019,24,0,0.0
E02000020,37,1,2.7027027027027026
E02000021,23,0,0.0
E02000022,24,2,8.333333333333332
E02000023,20,0,0.0
E02000024,32,3,9.375
E02000025,28,4,14.285714285714285
E02000026,21,2,9.523809523809524
E02000027,29,12,41.37931034482759
E02000028,21,5,23.809523809523807
E02000029,27,6,22.22222222222222
E02000030,28,3,10.714285714285714
E02000031,25,3,12.0
E02000032,22,6,27.27272727272727
E02000033,24,5,20.833333333333336
E02000034,27,6,22.22222222222222
E02000035,26,2,7.6923076923076925
E02000036,30,6,20.0
E02000037,28,5,17.857142857142858
E02000038,30,6,20.0
E02000039,19,1,5.263157894736842
E02000040,26,2,7.6923076923076925
E02000041,25,3,12.0
E02000042,34,3,8.823529411764707
E02000043,21,3,14.285714285714285
E02000044,23,1,4.3478260869565215
E02000045,31,5,16.129032258064516
E02000046,20,3,15.0
E02000047,33,3,9.090909090909092
E02000048,27,8,29.629629629629626
E02000049,32,2,6.25
E02000050,30,2,6.666666666666667
E02000051,27,4,14.814814814814813
E02000052,32,3,9.375
E02000054,21,0,0.0
E02000055,31,6,19.35483870967742
E02000056,28,0,0.0
E02000057,20,3,15.0
E02000058,30,5,16.666666666666664
E02000059,35,2,5.714285714285714
E02000060,26,5,19.230769230769234
E02000061,24,3,12.5
E02000062,20,2,10.0
E02000063,21,1,4.761904761904762
E02000064,20,2,10.0
E02000065,23,2,8.695652173913043
E02000066,27,2,7.4074074074074066
E02000067,30,1,3.3333333333333335
E02000068,22,1,4.545454545454546
E02000069,23,5,21.73913043478261
E02000070,25,2,8.0
E02000071,22,3,13.636363636363635
E02000072,38,9,23.684210526315788
E02000073,32,6,18.75
E02000074,27,0,0.0
E02000075,25,7,28.000000000000004
E02000077,23,1,4.3478260869565215
E02000078,24,4,16.666666666666664
E02000079,26,6,23.076923076923077
E02000080,28,5,17.857142857142858
E02000081,25,2,8.0
E02000082,27,5,18.51851851851852
E02000083,35,2,5.714285714285714
E02000084,33,1,3.0303030303030303
E02000085,24,7,29.166666666666668
E02000086,22,4,18.181818181818183
E02000087,24,2,8.333333333333332
E02000088,24,6,25.0
E02000089,24,0,0.0
E02000090,31,8,25.806451612903224
E02000091,34,4,11.76470588235294
E02000092,21,2,9.523809523809524
E02000093,30,2,6.666666666666667
E02000094,28,0,0.0
E02000095,25,2,8.0
E02000096,21,1,4.761904761904762
E02000097,24,0,0.0
E02000098,21,2,9.523809523809524
E02000099,24,2,8.333333333333332
E02000100,22,3,13.636363636363635
E02000101,26,3,11.538461538461538
E02000102,21,0,0.0
E02000103,26,3,11.538461538461538
E02000104,20,1,5.0
E02000105,25,2,8.0
E02000106,27,2,7.4074074074074066
E02000107,30,3,10.0
E02000108,18,1,5.555555555555555
E02000110,23,1,4.3478260869565215
E02000111,25,1,4.0
E02000112,27,1,3.7037037037037033
E02000113,26,3,11.538461538461538
E02000114,26,0,0.0
E02000115,28,2,7.142857142857142
E02000116,21,5,23.809523809523807
E02000117,34,6,17.647058823529413
E02000118,28,3,10.714285714285714
E02000119,28,1,3.571428571428571
E02000120,31,2,6.451612903225806
E02000121,29,0,0.0
E02000122,26,0,0.0
E02000123,37,1,2.7027027027027026
E02000124,28,4,14.285714285714285
E02000125,32,7,21.875
E02000126,23,1,4.3478260869565215
E02000127,30,9,30.0
E02000128,24,5,20.833333333333336
E02000130,28,2,7.142857142857142
E02000131,36,14,38.88888888888889
E02000132,38,15,39.473684210526315
E02000133,33,2,6.0606060606060606
E02000134,36,4,11.11111111111111
E02000135,33,3,9.090909090909092
E02000136,18,1,5.555555555555555
E02000137,29,8,27.586206896551722
E02000138,28,6,21.428571428571427
E02000139,26,6,23.076923076923077
E02000140,26,2,7.6923076923076925
E02000141,25,3,12.0
E02000142,25,1,4.0
E02000144,34,4,11.76470588235294
E02000145,25,6,24.0
E02000146,28,6,21.428571428571427
E02000147,26,2,7.6923076923076925
E02000148,21,4,19.047619047619047
E02000149,25,7,28.000000000000004
E02000150,25,4,16.0
E02000151,24,3,12.5
E02000152,24,2,8.333333333333332
E02000153,23,3,13.043478260869565
E02000154,27,0,0.0
E02000155,25,1,4.0
E02000156,37,3,8.108108108108109
E02000157,27,3,11.11111111111111
E02000158,24,2,8.333333333333332
E02000159,22,1,4.545454545454546
E02000160,25,3,12.0
E02000161,26,2,7.6923076923076925
E02000162,21,8,38.095238095238095
E02000163,24,3,12.5
E02000165,21,1,4.761904761904762
E02000166,28,1,3.571428571428571
E02000167,30,9,30.0
E02000168,28,7,25.0
E02000169,25,6,24.0
E02000170,26,4,15.384615384615385
E02000171,29,7,24.137931034482758
E02000172,30,0,0.0
E02000173,30,6,20.0
E02000174,28,4,14.285714285714285
E02000175,33,4,12.121212121212121
E02000176,26,2,7.6923076923076925
E02000177,27,1,3.7037037037037033
E02000178,30,1,3.3333333333333335
E02000179,22,3,13.636363636363635
E02000180,28,4,14.285714285714285
E02000181,30,3,10.0
E02000182,24,1,4.166666666666666
E02000183,30,3,10.0
E02000184,28,1,3.571428571428571
E02000185,30,1,3.3333333333333335
E02000186,21,4,19.047619047619047
E02000187,34,1,2.941176470588235
E02000188,24,1,4.166666666666666
E02000191,21,0,0.0
E02000192,26,0,0.0
E02000193,23,0,0.0
E02000194,30,10,33.33333333333333
E02000195,26,8,30.76923076923077
E02000196,22,3,13.636363636363635
E02000197,27,2,7.4074074074074066
E02000198,25,4,16.0
E02000199,25,3,12.0
E02000200,29,6,20.689655172413794
E02000201,28,2,7.142857142857142
E02000202,26,0,0.0
E02000203,24,3,12.5
E02000204,28,0,0.0
E02000206,32,1,3.125
E02000207,29,7,24.137931034482758
E02000208,30,1,3.3333333333333335
E02000209,24,1,4.166666666666666
E02000210,28,1,3.571428571428571
E02000211,26,1,3.8461538461538463
E02000212,26,1,3.8461538461538463
E02000213,36,3,8.333333333333332
E02000214,18,2,11.11111111111111
E02000215,40,5,12.5
E02000216,26,3,11.538461538461538
E02000217,35,8,22.857142857142858
E02000218,20,3,15.0
E02000219,25,5,20.0
E02000221,32,5,15.625
E02000222,27,3,11.11111111111111
E02000223,24,1,4.166666666666666
E02000224,27,6,22.22222222222222
E02000225,21,4,19.047619047619047
E02000226,23,2,8.695652173913043
E02000227,38,6,15.789473684210526
E02000228,24,1,4.166666666666666
E02000229,19,0,0.0
E02000230,33,4,12.121212121212121
E02000231,20,0,0.0
E02000232,18,3,16.666666666666664
E02000233,18,4,22.22222222222222
E02000234,26,3,11.538461538461538
E02000235,20,4,20.0
E02000236,25,0,0.0
E02000237,25,1,4.0
E02000238,26,1,3.8461538461538463
E02000239,23,0,0.0
E02000240,29,2,6.896551724137931
E02000241,19,1,5.263157894736842
E02000242,17,0,0.0
E02000243,23,0,0.0
E02000244,20,0,0.0
E02000245,25,2,8.0
E02000246,25,2,8.0
E02000247,28,1,3.571428571428571
E02000248,22,0,0.0
E02000249,21,4,19.047619047619047
E02000250,20,3,15.0
E02000251,20,0,0.0
E02000252,29,1,3.4482758620689653
E02000253,31,2,6.451612903225806
E02000254,21,0,0.0
E02000255,30,3,10.0
E02000256,31,2,6.451612903225806
E02000258,19,0,0.0
E02000259,18,5,27.77777777777778
E02000260,21,0,0.0
E02000261,36,3,8.333333333333332
E02000262,28,2,7.142857142857142
E02000263,30,0,0.0
E02000264,24,3,12.5
E02000265,33,0,0.0
E02000266,33,2,6.0606060606060606
E02000267,22,2,9.090909090909092
E02000268,31,6,19.35483870967742
E02000269,26,2,7.6923076923076925
E02000270,32,0,0.0
E02000271,23,4,17.391304347826086
E02000272,21,2,9.523809523809524
E02000275,18,1,5.555555555555555
E02000276,21,3,14.285714285714285
E02000277,20,3,15.0
E02000278,25,3,12.0
E02000279,33,1,3.0303030303030303
E02000280,27,6,22.22222222222222
E02000281,28,4,14.285714285714285
E02000282,26,4,15.384615384615385
E02000283,21,1,4.761904761904762
E02000284,26,2,7.6923076923076925
E02000285,20,6,30.0
E02000286,29,4,13.793103448275861
E02000287,21,5,23.809523809523807
E02000288,34,0,0.0
E02000289,19,2,10.526315789473683
E02000290,20,1,5.0
E02000291,31,4,12.903225806451612
E02000292,27,2,7.4074074074074066
E02000293,19,2,10.526315789473683
E02000294,24,0,0.0
E02000295,26,5,19.230769230769234
E02000296,30,3,10.0
E02000297,28,4,14.285714285714285
E02000298,25,1,4.0
E02000299,25,0,0.0
E02000300,23,0,0.0
E02000301,31,3,9.67741935483871
E02000302,24,9,37.5
E02000303,23,3,13.043478260869565
E02000304,22,1,4.545454545454546
E02000305,25,3,12.0
E02000306,26,3,11.538461538461538
E02000307,26,0,0.0
E02000308,22,1,4.545454545454546
E02000309,31,2,6.451612903225806
E02000311,28,0,0.0
E02000312,32,6,18.75
E02000313,20,0,0.0
E02000314,38,2,5.263157894736842
E02000315,28,1,3.571428571428571
E02000317,23,0,0.0
E02000318,28,1,3.571428571428571
E02000319,32,1,3.125
E02000320,20,1,5.0
E02000321,23,0,0.0
E02000323,36,0,0.0
E02000324,21,1,4.761904761904762
E02000326,25,1,4.0
E02000327,20,0,0.0
E02000328,27,3,11.11111111111111
E02000329,20,7,35.0
E02000331,26,3,11.538461538461538
E02000332,23,4,17.391304347826086
E02000333,23,7,30.434782608695656
E02000334,21,9,42.857142857142854
E02000335,21,5,23.809523809523807
E02000337,24,5,20.833333333333336
E02000339,21,2,9.523809523809524
E02000340,24,3,12.5
E02000341,25,1,4.0
E02000342,16,3,18.75
E02000343,22,3,13.636363636363635
E02000344,20,2,10.0
E02000345,22,2,9.090909090909092
E02000346,29,0,0.0
E02000347,23,2,8.695652173913043
E02000348,23,1,4.3478260869565215
E02000350,26,4,15.384615384615385
E02000351,32,3,9.375
E02000352,22,4,18.181818181818183
E02000353,23,6,26.08695652173913
E02000354,28,3,10.714285714285714
E02000355,21,3,14.285714285714285
E02000356,22,4,18.181818181818183
E02000357,21,0,0.0
E02000358,33,2,6.0606060606060606
E02000359,19,3,15.789473684210526
E02000360,35,4,11.428571428571429
E02000361,24,0,0.0
E02000362,21,0,0.0
E02000363,35,0,0.0
E02000364,32,5,15.625
E02000366,30,5,16.666666666666664
E02000367,33,3,9.090909090909092
E02000368,30,1,3.3333333333333335
E02000369,41,0,0.0
E02000370,31,0,0.0
E02000372,32,1,3.125
E02000373,20,4,20.0
E02000374,20,1,5.0
E02000375,28,1,3.571428571428571
E02000376,22,0,0.0
E02000377,27,3,11.11111111111111
E02000378,27,2,7.4074074074074066
E02000379,27,3,11.11111111111111
E02000380,22,3,13.636363636363635
E02000381,28,2,7.142857142857142
E02000382,23,2,8.695652173913043
E02000383,32,1,3.125
E02000384,29,0,0.0
E02000385,25,2,8.0
E02000386,28,1,3.571428571428571
E02000387,20,1,5.0
E02000388,30,1,3.3333333333333335
E02000389,30,3,10.0
E02000390,20,1,5.0
E02000391,26,4,15.384615384615385
E02000392,33,7,21.21212121212121
E02000393,20,8,40.0
E02000394,34,8,23.52941176470588
E02000395,22,2,9.090909090909092
E02000396,21,2,9.523809523809524
E02000397,23,2,8.695652173913043
E02000398,21,4,19.047619047619047
E02000400,23,2,8.695652173913043
E02000401,18,1,5.555555555555555
E02000402,19,0,0.0
E02000403,21,0,0.0
E02000404,17,4,23.52941176470588
E02000405,19,3,15.789473684210526
E02000406,20,1,5.0
E02000407,20,3,15.0
E02000408,21,1,4.761904761904762
E02000409,18,2,11.11111111111111
E02000410,21,1,4.761904761904762
E02000411,32,2,6.25
E02000412,20,0,0.0
E02000413,25,4,16.0
E02000414,19,4,21.052631578947366
E02000415,19,2,10.526315789473683
E02000416,30,4,13.333333333333334
E02000417,23,2,8.695652173913043
E02000418,18,2,11.11111111111111
E02000419,23,0,0.0
E02000420,24,0,0.0
E02000421,23,0,0.0
E02000422,21,2,9.523809523809524
E02000423,19,3,15.789473684210526
E02000424,20,5,25.0
E02000425,18,1,5.555555555555555
E02000426,23,5,21.73913043478261
E02000427,20,1,5.0
E02000428,22,1,4.545454545454546
E02000429,26,6,23.076923076923077
E02000430,24,9,37.5
E02000431,24,5,20.833333333333336
E02000432,23,7,30.434782608695656
E02000433,27,2,7.4074074074074066
E02000434,29,3,10.344827586206897
E02000435,23,1,4.3478260869565215
E02000436,17,3,17.647058823529413
E02000437,24,1,4.166666666666666
E02000438,23,2,8.695652173913043
E02000439,22,0,0.0
E02000440,23,2,8.695652173913043
E02000441,22,2,9.090909090909092
E02000442,21,0,0.0
E02000443,25,1,4.0
E02000444,19,3,15.789473684210526
E02000445,30,3,10.0
E02000447,21,2,9.523809523809524
E02000448,20,3,15.0
E02000449,20,1,5.0
E02000451,18,5,27.77777777777778
E02000452,26,1,3.8461538461538463
E02000453,22,2,9.090909090909092
E02000454,20,4,20.0
E02000455,36,2,5.555555555555555
E02000456,21,3,14.285714285714285
E02000457,20,2,10.0
E02000459,24,0,0.0
E02000460,18,1,5.555555555555555
E02000461,21,4,19.047619047619047
E02000462,18,0,0.0
E02000463,23,1,4.3478260869565215
E02000464,23,2,8.695652173913043
E02000465,28,4,14.285714285714285
E02000466,26,1,3.8461538461538463
E02000467,34,6,17.647058823529413
E02000468,25,4,16.0
E02000469,20,4,20.0
E02000470,32,6,18.75
E02000471,23,1,4.3478260869565215
E02000472,28,4,14.285714285714285
E02000473,30,4,13.333333333333334
E02000474,27,3,11.11111111111111
E02000475,32,4,12.5
E02000476,29,2,6.896551724137931
E02000477,28,2,7.142857142857142
E02000478,17,1,5.88235294117647
E02000479,26,3,11.538461538461538
E02000480,35,8,22.857142857142858
E02000481,26,4,15.384615384615385
E02000482,20,1,5.0
E02000483,26,5,19.230769230769234
E02000484,25,1,4.0
E02000485,26,7,26.923076923076923
E02000486,23,4,17.391304347826086
E02000487,24,2,8.333333333333332
E02000488,23,1,4.3478260869565215
E02000489,25,2,8.0
E02000490,26,4,15.384615384615385
E02000491,30,3,10.0
E02000492,20,0,0.0
E02000493,18,4,22.22222222222222
E02000494,25,5,20.0
E02000495,32,6,18.75
E02000496,25,4,16.0
E02000497,29,7,24.137931034482758
E02000498,21,1,4.761904761904762
E02000499,24,6,25.0
E02000500,24,1,4.166666666666666
E02000501,25,1,4.0
E02000502,27,3,11.11111111111111
E02000503,26,4,15.384615384615385
E02000504,23,1,4.3478260869565215
E02000506,22,2,9.090909090909092
E02000507,22,5,22.727272727272727
E02000508,33,3,9.090909090909092
E02000509,25,2,8.0
E02000510,26,4,15.384615384615385
E02000511,25,1,4.0
E02000512,23,2,8.695652173913043
E02000513,25,1,4.0
E02000514,24,0,0.0
E02000515,39,4,10.256410256410255
E02000516,23,0,0.0
E02000517,26,0,0.0
E02000518,25,6,24.0
E02000519,22,1,4.545454545454546
E02000520,34,0,0.0
E02000521,34,2,5.88235294117647
E02000522,27,6,22.22222222222222
E02000523,29,1,3.4482758620689653
E02000524,20,3,15.0
E02000525,25,0,0.0
E02000526,26,5,19.230769230769234
E02000529,25,1,4.0
E02000530,18,2,11.11111111111111
E02000531,39,1,2.564102564102564
E02000532,31,2,6.451612903225806
E02000533,29,7,24.137931034482758
E02000534,22,1,4.545454545454546
E02000535,22,1,4.545454545454546
E02000536,25,0,0.0
E02000537,23,0,0.0
E02000538,22,0,0.0
E02000539,34,5,14.705882352941178
E02000540,34,6,17.647058823529413
E02000541,24,1,4.166666666666666
E02000542,31,6,19.35483870967742
E02000543,33,4,12.121212121212121
E02000544,22,4,18.181818181818183
E02000545,27,0,0.0
E02000546,25,0,0.0
E02000547,28,2,7.142857142857142
E02000548,26,3,11.538461538461538
E02000549,31,2,6.451612903225806
E02000550,31,4,12.903225806451612
E02000551,27,2,7.4074074074074066
E02000552,26,5,19.230769230769234
E02000553,20,1,5.0
E02000554,33,4,12.121212121212121
E02000555,30,3,10.0
E02000556,38,2,5.263157894736842
E02000557,33,4,12.121212121212121
E02000558,29,0,0.0
E02000559,28,2,7.142857142857142
E02000560,25,1,4.0
E02000561,24,5,20.833333333333336
E02000562,27,2,7.4074074074074066
E02000563,31,2,6.451612903225806
E02000564,40,3,7.5
E02000565,27,2,7.4074074074074066
E02000566,31,4,12.903225806451612
E02000567,36,4,11.11111111111111
E02000568,35,0,0.0
E02000569,36,7,19.444444444444446
E02000570,30,9,30.0
E02000571,31,2,6.451612903225806
E02000572,27,1,3.7037037037037033
E02000573,36,4,11.11111111111111
E02000574,26,2,7.6923076923076925
E02000575,40,0,0.0
E02000576,36,0,0.0
E02000577,25,1,4.0
E02000578,20,1,5.0
E02000579,29,2,6.896551724137931
E02000580,31,0,0.0
E02000581,23,1,4.3478260869565215
E02000582,34,6,17.647058823529413
E02000583,29,2,6.896551724137931
E02000584,33,2,6.0606060606060606
E02000585,30,3,10.0
E02000586,32,2,6.25
E02000587,28,2,7.142857142857142
E02000588,36,0,0.0
E02000589,35,0,0.0
E02000590,27,1,3.7037037037037033
E02000591,27,0,0.0
E02000592,30,0,0.0
E02000593,33,0,0.0
E02000594,32,3,9.375
E02000595,31,3,9.67741935483871
E02000596,27,2,7.4074074074074066
E02000597,29,3,10.344827586206897
E02000598,23,2,8.695652173913043
E02000599,20,2,10.0
E02000600,27,2,7.4074074074074066
E02000601,36,6,16.666666666666664
E02000602,28,2,7.142857142857142
E02000603,24,2,8.333333333333332
E02000604,26,2,7.6923076923076925
E02000605,24,2,8.333333333333332
E02000606,36,8,22.22222222222222
E02000607,23,0,0.0
E02000608,26,4,15.384615384615385
E02000609,22,5,22.727272727272727
E02000610,31,6,19.35483870967742
E02000611,22,3,13.636363636363635
E02000612,24,4,16.666666666666664
E02000613,26,4,15.384615384615385
E02000614,26,8,30.76923076923077
E02000615,24,5,20.833333333333336
E02000616,19,11,57.89473684210527
E02000617,25,2,8.0
E02000619,31,2,6.451612903225806
E02000620,33,4,12.121212121212121
E02000621,44,2,4.545454545454546
E02000622,26,3,11.538461538461538
E02000623,27,1,3.7037037037037033
E02000624,30,2,6.666666666666667
E02000625,26,1,3.8461538461538463
E02000626,24,1,4.166666666666666
E02000627,28,1,3.571428571428571
E02000628,31,1,3.225806451612903
E02000629,28,7,25.0
E02000630,28,9,32.142857142857146
E02000631,27,4,14.814814814814813
E02000632,29,13,44.827586206896555
E02000633,28,2,7.142857142857142
E02000634,22,1,4.545454545454546
E02000635,29,4,13.793103448275861
E02000636,25,8,32.0
E02000637,28,8,28.57142857142857
E02000638,31,5,16.129032258064516
E02000639,28,0,0.0
E02000640,34,6,17.647058823529413
E02000641,24,2,8.333333333333332
E02000642,28,5,17.857142857142858
E02000643,32,5,15.625
E02000644,26,7,26.923076923076923
E02000645,28,4,14.285714285714285
E02000646,29,6,20.689655172413794
E02000647,27,4,14.814814814814813
E02000648,27,3,11.11111111111111
E02000649,40,6,15.0
E02000650,27,6,22.22222222222222
E02000651,24,3,12.5
E02000652,23,2,8.695652173913043
E02000653,36,0,0.0
E02000654,28,1,3.571428571428571
E02000655,32,1,3.125
E02000657,31,4,12.903225806451612
E02000658,25,4,16.0
E02000659,26,3,11.538461538461538
E02000660,29,6,20.689655172413794
E02000661,23,6,26.08695652173913
E02000662,25,5,20.0
E02000663,23,4,17.391304347826086
E02000665,23,1,4.3478260869565215
E02000666,21,5,23.809523809523807
E02000667,20,3,15.0
E02000668,21,4,19.047619047619047
E02000669,26,4,15.384615384615385
E02000670,22,4,18.181818181818183
E02000671,26,4,15.384615384615385
E02000672,31,6,19.35483870967742
E02000673,27,9,33.33333333333333
E02000674,24,3,12.5
E02000675,26,2,7.6923076923076925
E02000676,24,2,8.333333333333332
E02000677,20,7,35.0
E02000678,20,3,15.0
E02000679,27,5,18.51851851851852
E02000680,25,4,16.0
E02000681,25,3,12.0
E02000682,25,5,20.0
E02000683,23,5,21.73913043478261
E02000685,28,2,7.142857142857142
E02000686,23,1,4.3478260869565215
E02000687,26,3,11.538461538461538
E02000689,28,3,10.714285714285714
E02000690,20,0,0.0
E02000691,25,7,28.000000000000004
E02000692,31,7,22.58064516129032
E02000693,32,7,21.875
E02000694,32,8,25.0
E02000695,23,2,8.695652173913043
E02000696,26,2,7.6923076923076925
E02000697,29,5,17.24137931034483
E02000698,26,2,7.6923076923076925
E02000699,27,1,3.7037037037037033
E02000700,27,2,7.4074074074074066
E02000701,26,2,7.6923076923076925
E02000702,27,4,14.814814814814813
E02000703,24,3,12.5
E02000704,29,6,20.689655172413794
E02000705,25,0,0.0
E02000706,27,0,0.0
E02000707,22,2,9.090909090909092
E02000708,25,2,8.0
E02000709,23,4,17.391304347826086
E02000710,25,2,8.0
E02000711,27,4,14.814814814814813
E02000712,26,4,15.384615384615385
E02000713,22,7,31.818181818181817
E02000714,22,4,18.181818181818183
E02000715,18,0,0.0
E02000716,17,1,5.88235294117647
E02000717,19,1,5.263157894736842
E02000718,17,2,11.76470588235294
E02000719,21,6,28.57142857142857
E02000720,19,0,0.0
E02000721,23,4,17.391304347826086
E02000722,25,2,8.0
E02000723,25,0,0.0
E02000724,24,0,0.0
E02000725,32,2,6.25
E02000727,20,0,0.0
E02000728,22,0,0.0
E02000729,20,0,0.0
E02000730,23,0,0.0
E02000731,23,1,4.3478260869565215
E02000732,24,0,0.0
E02000733,28,2,7.142857142857142
E02000734,19,3,15.789473684210526
E02000735,21,0,0.0
E02000736,24,0,0.0
E02000737,25,0,0.0
E02000738,24,0,0.0
E02000739,21,0,0.0
E02000740,19,1,5.263157894736842
E02000741,21,0,0.0
E02000742,23,0,0.0
E02000743,28,3,10.714285714285714
E02000744,23,1,4.3478260869565215
E02000745,24,3,12.5
E02000746,28,1,3.571428571428571
E02000747,45,2,4.444444444444445
E02000748,20,1,5.0
E02000749,22,2,9.090909090909092
E02000751,33,4,12.121212121212121
E02000752,25,7,28.000000000000004
E02000753,19,2,10.526315789473683
E02000754,20,6,30.0
E02000755,17,4,23.52941176470588
E02000756,40,5,12.5
E02000757,40,4,10.0
E02000758,19,0,0.0
E02000759,36,5,13.88888888888889
E02000760,20,0,0.0
E02000762,16,1,6.25
E02000763,19,0,0.0
E02000764,42,13,30.952380952380953
E02000765,19,0,0.0
E02000767,21,1,4.761904761904762
E02000768,19,0,0.0
E02000770,19,0,0.0
E02000772,21,0,0.0
E02000773,25,0,0.0
E02000774,18,1,5.555555555555555
E02000776,18,0,0.0
E02000777,18,3,16.666666666666664
E02000779,20,2,10.0
E02000781,36,0,0.0
E02000782,28,1,3.571428571428571
E02000783,20,1,5.0
E02000784,33,4,12.121212121212121
E02000785,34,8,23.52941176470588
E02000786,38,5,13.157894736842104
E02000787,37,3,8.108108108108109
E02000788,28,2,7.142857142857142
E02000789,23,5,21.73913043478261
E02000790,20,2,10.0
E02000791,24,5,20.833333333333336
E02000792,25,8,32.0
E02000793,24,2,8.333333333333332
E02000794,20,3,15.0
E02000795,20,1,5.0
E02000796,31,3,9.67741935483871
E02000797,24,1,4.166666666666666
E02000798,34,5,14.705882352941178
E02000799,20,1,5.0
E02000800,17,2,11.76470588235294
E02000801,22,4,18.181818181818183
E02000802,22,3,13.636363636363635
E02000803,32,1,3.125
E02000804,24,4,16.666666666666664
E02000805,35,4,11.428571428571429
E02000806,32,3,9.375
E02000807,27,3,11.11111111111111
E02000808,35,0,0.0
E02000810,38,0,0.0
E02000812,33,0,0.0
E02000813,32,0,0.0
E02000814,33,1,3.0303030303030303
E02000815,24,0,0.0
E02000816,31,2,6.451612903225806
E02000817,22,0,0.0
E02000818,34,1,2.941176470588235
E02000819,28,0,0.0
E02000820,32,1,3.125
E02000821,26,2,7.6923076923076925
E02000822,24,2,8.333333333333332
E02000823,27,2,7.4074074074074066
E02000824,26,0,0.0
E02000825,32,0,0.0
E02000826,27,2,7.4074074074074066
E02000827,33,1,3.0303030303030303
E02000828,27,1,3.7037037037037033
E02000829,30,1,3.3333333333333335
E02000830,26,6,23.076923076923077
E02000831,29,5,17.24137931034483
E02000832,28,1,3.571428571428571
E02000833,25,4,16.0
E02000834,29,7,24.137931034482758
E02000835,22,0,0.0
E02000836,25,0,0.0
E02000837,23,0,0.0
E02000838,27,1,3.7037037037037033
E02000839,27,5,18.51851851851852
E02000840,28,8,28.57142857142857
E02000841,26,11,42.30769230769231
E02000842,23,5,21.73913043478261
E02000843,29,4,13.793103448275861
E02000844,25,4,16.0
E02000845,26,4,15.384615384615385
E02000846,21,2,9.523809523809524
E02000847,27,5,18.51851851851852
E02000848,22,6,27.27272727272727
E02000849,25,3,12.0
E02000850,32,4,12.5
E02000851,37,3,8.108108108108109
E02000852,26,6,23.076923076923077
E02000853,25,3,12.0
E02000854,23,6,26.08695652173913
E02000855,24,5,20.833333333333336
E02000856,29,1,3.4482758620689653
E02000857,33,5,15.151515151515152
E02000858,25,4,16.0
E02000859,28,2,7.142857142857142
E02000860,30,4,13.333333333333334
E02000861,23,2,8.695652173913043
E02000863,20,1,5.0
E02000864,37,1,2.7027027027027026
E02000865,24,2,8.333333333333332
E02000866,28,3,10.714285714285714
E02000867,35,2,5.714285714285714
E02000868,19,1,5.263157894736842
E02000869,19,0,0.0
E02000870,20,0,0.0
E02000871,33,2,6.0606060606060606
E02000872,24,1,4.166666666666666
E02000873,26,1,3.8461538461538463
E02000874,24,3,12.5
E02000875,39,0,0.0
E02000876,19,2,10.526315789473683
E02000877,35,0,0.0
E02000878,28,2,7.142857142857142
E02000879,22,0,0.0
E02000880,19,1,5.263157894736842
E02000881,29,1,3.4482758620689653
E02000882,32,0,0.0
E02000883,25,0,0.0
E02000884,38,2,5.263157894736842
E02000885,17,0,0.0
E02000886,28,2,7.142857142857142
E02000887,30,0,0.0
E02000888,28,0,0.0
E02000889,30,1,3.3333333333333335
E02000890,22,0,0.0
E02000893,23,0,0.0
E02000894,35,1,2.857142857142857
E02000895,25,3,12.0
E02000896,29,2,6.896551724137931
E02000897,25,5,20.0
E02000898,24,3,12.5
E02000899,24,9,37.5
E02000900,24,4,16.666666666666664
E02000901,29,8,27.586206896551722
E02000902,27,0,0.0
E02000903,28,4,14.285714285714285
E02000904,22,4,18.181818181818183
E02000905,25,6,24.0
E02000906,26,8,30.76923076923077
E02000907,31,3,9.67741935483871
E02000908,40,5,12.5
E02000909,25,3,12.0
E02000910,31,8,25.806451612903224
E02000911,36,6,16.666666666666664
E02000912,25,1,4.0
E02000913,24,4,16.666666666666664
E02000914,27,4,14.814814814814813
E02000915,25,7,28.000000000000004
E02000916,29,1,3.4482758620689653
E02000917,26,7,26.923076923076923
E02000918,28,6,21.428571428571427
E02000919,24,1,4.166666666666666
E02000920,29,3,10.344827586206897
E02000921,32,5,15.625
E02000922,31,5,16.129032258064516
E02000923,26,7,26.923076923076923
E02000925,25,2,8.0
E02000926,42,2,4.761904761904762
E02000927,24,6,25.0
E02000928,29,4,13.793103448275861
E02000929,25,0,0.0
E02000930,29,6,20.689655172413794
E02000931,26,6,23.076923076923077
E02000932,46,6,13.043478260869565
E02000933,28,3,10.714285714285714
E02000934,29,9,31.03448275862069
E02000935,19,0,0.0
E02000936,34,5,14.705882352941178
E02000937,24,6,25.0
E02000938,30,1,3.3333333333333335
E02000939,24,5,20.833333333333336
E02000940,31,5,16.129032258064516
E02000941,33,8,24.242424242424242
E02000942,30,7,23.333333333333332
E02000943,27,5,18.51851851851852
E02000944,21,2,9.523809523809524
E02000945,21,1,4.761904761904762
E02000946,25,5,20.0
E02000947,31,8,25.806451612903224
E02000948,33,13,39.39393939393939
E02000949,34,8,23.52941176470588
E02000950,25,4,16.0
E02000951,24,6,25.0
E02000952,21,4,19.047619047619047
E02000953,26,5,19.230769230769234
E02000954,17,2,11.76470588235294
E02000955,20,2,10.0
E02000956,22,4,18.181818181818183
E02000957,32,7,21.875
E02000958,24,5,20.833333333333336
E02000959,22,3,13.636363636363635
E02000960,25,0,0.0
E02000961,28,1,3.571428571428571
E02000962,33,1,3.0303030303030303
E02000963,29,2,6.896551724137931
E02000964,35,0,0.0
E02000965,31,0,0.0
E02000966,37,3,8.108108108108109
E02000967,27,0,0.0
E02000968,38,2,5.263157894736842
E02000969,30,2,6.666666666666667
E02000970,35,0,0.0
E02000971,31,1,3.225806451612903
E02000972,30,0,0.0
E02000973,36,1,2.7777777777777777
E02000974,34,1,2.941176470588235
E02000975,32,0,0.0
E02000976,37,0,0.0
E02000977,27,0,0.0
E02000978,31,2,6.451612903225806
E02000979,31,4,12.903225806451612
E02000980,35,0,0.0
E02000981,40,2,5.0
E02000982,31,0,0.0
E02000983,34,2,5.88235294117647
E02000984,24,6,25.0
E02000985,25,2,8.0
E02000986,27,2,7.4074074074074066
E02000987,26,4,15.384615384615385
E02000988,27,4,14.814814814814813
E02000989,29,6,20.689655172413794
E02000990,27,8,29.629629629629626
E02000991,27,5,18.51851851851852
E02000992,21,5,23.809523809523807
E02000993,26,3,11.538461538461538
E02000994,26,2,7.6923076923076925
E02000995,26,5,19.230769230769234
E02000996,26,0,0.0
E02000997,22,2,9.090909090909092
E02000998,28,1,3.571428571428571
E02000999,27,2,7.4074074074074066
E02001000,30,4,13.333333333333334
E02001001,24,2,8.333333333333332
E02001002,32,2,6.25
E02001003,24,7,29.166666666666668
E02001004,24,1,4.166666666666666
E02001005,27,0,0.0
E02001006,22,0,0.0
E02001007,34,1,2.941176470588235
E02001008,23,0,0.0
E02001009,22,4,18.181818181818183
E02001010,19,3,15.789473684210526
E02001011,31,8,25.806451612903224
E02001012,26,2,7.6923076923076925
E02001013,19,5,26.31578947368421
E02001014,27,3,11.11111111111111
E02001015,26,2,7.6923076923076925
E02001016,25,3,12.0
E02001017,37,4,10.81081081081081
E02001018,24,1,4.166666666666666
E02001019,30,8,26.666666666666668
E02001020,20,2,10.0
E02001021,24,3,12.5
E02001022,27,3,11.11111111111111
E02001023,18,0,0.0
E02001024,26,5,19.230769230769234
E02001025,28,4,14.285714285714285
E02001026,32,3,9.375
E02001027,21,6,28.57142857142857
E02001028,25,5,20.0
E02001029,21,1,4.761904761904762
E02001030,20,0,0.0
E02001031,22,4,18.181818181818183
E02001032,25,2,8.0
E02001033,20,4,20.0
E02001034,29,3,10.344827586206897
E02001035,24,4,16.666666666666664
E02001036,24,2,8.333333333333332
E02001037,25,6,24.0
E02001038,20,2,10.0
E02001039,26,2,7.6923076923076925
E02001040,20,2,10.0
E02001041,26,4,15.384615384615385
E02001042,23,0,0.0
E02001043,18,3,16.666666666666664
E02001044,23,5,21.73913043478261
E02001045,27,5,18.51851851851852
E02001046,33,3,9.090909090909092
E02001047,32,4,12.5
E02001048,26,2,7.6923076923076925
E02001049,32,4,12.5
E02001050,23,4,17.391304347826086
E02001051,26,2,7.6923076923076925
E02001052,35,0,0.0
E02001053,33,2,6.0606060606060606
E02001055,30,6,20.0
E02001056,26,3,11.538461538461538
E02001059,36,4,11.11111111111111
E02001061,30,4,13.333333333333334
E02001062,26,1,3.8461538461538463
E02001063,29,2,6.896551724137931
E02001064,30,0,0.0
E02001065,28,1,3.571428571428571
E02001066,27,2,7.4074074074074066
E02001067,30,5,16.666666666666664
E02001068,30,1,3.3333333333333335
E02001069,30,2,6.666666666666667
E02001070,26,2,7.6923076923076925
E02001072,26,4,15.384615384615385
E02001073,31,9,29.03225806451613
E02001074,30,2,6.666666666666667
E02001075,22,0,0.0
E02001076,21,5,23.809523809523807
E02001077,24,2,8.333333333333332
E02001078,29,6,20.689655172413794
E02001079,26,2,7.6923076923076925
E02001080,25,5,20.0
E02001081,21,4,19.047619047619047
E02001082,21,4,19.047619047619047
E02001083,29,8,27.586206896551722
E02001084,25,0,0.0
E02001085,25,3,12.0
E02001086,22,5,22.727272727272727
E02001087,32,3,9.375
E02001088,28,1,3.571428571428571
E02001089,24,4,16.666666666666664
E02001090,23,2,8.695652173913043
E02001091,31,4,12.903225806451612
E02001092,28,2,7.142857142857142
E02001093,28,2,7.142857142857142
E02001094,28,0,0.0
E02001095,28,1,3.571428571428571
E02001096,26,0,0.0
E02001097,26,0,0.0
E02001098,22,4,18.181818181818183
E02001099,21,2,9.523809523809524
E02001100,21,0,0.0
E02001101,20,1,5.0
E02001102,19,3,15.789473684210526
E02001103,20,4,20.0
E02001104,21,3,14.285714285714285
E02001105,20,0,0.0
E02001106,21,7,33.33333333333333
E02001107,21,1,4.761904761904762
E02001108,19,1,5.263157894736842
E02001109,26,2,7.6923076923076925
E02001110,21,4,19.047619047619047
E02001111,25,6,24.0
E02001112,19,1,5.263157894736842
E02001113,22,1,4.545454545454546
E02001114,28,2,7.142857142857142
E02001115,21,5,23.809523809523807
E02001116,20,2,10.0
E02001117,20,3,15.0
E02001118,21,3,14.285714285714285
E02001119,29,0,0.0
E02001121,22,0,0.0
E02001123,23,1,4.3478260869565215
E02001124,20,0,0.0
E02001125,25,8,32.0
E02001126,25,0,0.0
E02001127,22,0,0.0
E02001128,26,3,11.538461538461538
E02001129,21,3,14.285714285714285
E02001130,20,4,20.0
E02001131,18,0,0.0
E02001132,23,3,13.043478260869565
E02001133,21,3,14.285714285714285
E02001134,20,6,30.0
E02001135,25,3,12.0
E02001136,29,6,20.689655172413794
E02001137,21,1,4.761904761904762
E02001138,30,3,10.0
E02001139,27,2,7.4074074074074066
E02001140,23,2,8.695652173913043
E02001141,35,4,11.428571428571429
E02001142,18,5,27.77777777777778
E02001143,31,1,3.225806451612903
E02001144,21,2,9.523809523809524
E02001145,23,6,26.08695652173913
E02001146,24,0,0.0
E02001147,31,3,9.67741935483871
E02001148,33,3,9.090909090909092
E02001149,36,0,0.0
E02001150,29,2,6.896551724137931
E02001151,34,2,5.88235294117647
E02001152,31,2,6.451612903225806
E02001153,33,3,9.090909090909092
E02001154,34,7,20.588235294117645
E02001155,26,6,23.076923076923077
E02001156,33,3,9.090909090909092
E02001157,26,2,7.6923076923076925
E02001158,23,1,4.3478260869565215
E02001159,27,8,29.629629629629626
E02001160,22,2,9.090909090909092
E02001161,20,2,10.0
E02001162,20,2,10.0
E02001163,33,4,12.121212121212121
E02001164,23,6,26.08695652173913
E02001165,22,7,31.818181818181817
E02001166,19,4,21.052631578947366
E02001167,22,4,18.181818181818183
E02001168,32,4,12.5
E02001169,35,1,2.857142857142857
E02001170,31,4,12.903225806451612
E02001171,19,0,0.0
E02001173,28,4,14.285714285714285
E02001174,18,2,11.11111111111111
E02001175,24,5,20.833333333333336
E02001176,38,3,7.894736842105263
E02001177,44,3,6.8181818181818175
E02001179,24,3,12.5
E02001180,20,3,15.0
E02001181,20,1,5.0
E02001182,26,3,11.538461538461538
E02001183,22,2,9.090909090909092
E02001185,33,3,9.090909090909092
E02001186,36,5,13.88888888888889
E02001187,25,6,24.0
E02001188,29,5,17.24137931034483
E02001189,28,3,10.714285714285714
E02001190,25,0,0.0
E02001191,21,1,4.761904761904762
E02001192,22,4,18.181818181818183
E02001193,25,6,24.0
E02001194,21,5,23.809523809523807
E02001195,25,6,24.0
E02001196,26,10,38.46153846153847
E02001197,22,2,9.090909090909092
E02001198,26,3,11.538461538461538
E02001199,27,7,25.925925925925924
E02001200,28,3,10.714285714285714
E02001201,20,5,25.0
E02001202,24,4,16.666666666666664
E02001203,19,2,10.526315789473683
E02001204,29,2,6.896551724137931
E02001205,29,4,13.793103448275861
E02001206,24,3,12.5
E02001207,23,3,13.043478260869565
E02001208,27,3,11.11111111111111
E02001209,25,3,12.0
E02001210,24,1,4.166666666666666
E02001211,20,6,30.0
E02001212,20,1,5.0
E02001213,34,4,11.76470588235294
E02001214,25,0,0.0
E02001215,21,2,9.523809523809524
E02001216,25,6,24.0
E02001217,23,4,17.391304347826086
E02001218,19,5,26.31578947368421
E02001219,18,0,0.0
E02001220,18,2,11.11111111111111
E02001221,19,3,15.789473684210526
E02001222,19,2,10.526315789473683
E02001223,22,3,13.636363636363635
E02001224,21,11,52.38095238095239
E02001225,23,4,17.391304347826086
E02001226,22,1,4.545454545454546
E02001227,19,3,15.789473684210526
E02001228,20,1,5.0
E02001229,36,12,33.33333333333333
E02001230,19,2,10.526315789473683
E02001231,23,0,0.0
E02001232,26,2,7.6923076923076925
E02001233,26,1,3.8461538461538463
E02001234,26,1,3.8461538461538463
E02001235,22,4,18.181818181818183
E02001236,18,3,16.666666666666664
E02001237,22,6,27.27272727272727
E02001238,26,4,15.384615384615385
E02001239,32,4,12.5
E02001240,21,0,0.0
E02001241,33,1,3.0303030303030303
E02001242,24,4,16.666666666666664
E02001243,28,5,17.857142857142858
E02001244,19,3,15.789473684210526
E02001245,26,4,15.384615384615385
E02001246,25,2,8.0
E02001247,24,4,16.666666666666664
E02001248,36,6,16.666666666666664
E02001249,22,5,22.727272727272727
E02001250,21,1,4.761904761904762
E02001251,21,7,33.33333333333333
E02001252,26,3,11.538461538461538
E02001253,18,3,16.666666666666664
E02001254,20,0,0.0
E02001255,22,1,4.545454545454546
E02001256,31,7,22.58064516129032
E02001257,33,2,6.0606060606060606
E02001258,26,2,7.6923076923076925
E02001259,31,3,9.67741935483871
E02001260,24,4,16.666666666666664
E02001261,27,5,18.51851851851852
E02001262,23,3,13.043478260869565
E02001263,26,0,0.0
E02001264,26,2,7.6923076923076925
E02001265,27,3,11.11111111111111
E02001266,24,0,0.0
E02001267,25,5,20.0
E02001268,24,4,16.666666666666664
E02001269,28,5,17.857142857142858
E02001270,26,9,34.61538461538461
E02001271,23,1,4.3478260869565215
E02001272,26,4,15.384615384615385
E02001273,32,7,21.875
E02001274,25,2,8.0
E02001275,27,0,0.0
E02001276,27,2,7.4074074074074066
E02001277,30,5,16.666666666666664
E02001278,26,2,7.6923076923076925
E02001279,24,3,12.5
E02001280,28,3,10.714285714285714
E02001281,24,5,20.833333333333336
E02001282,30,4,13.333333333333334
E02001283,32,6,18.75
E02001284,24,0,0.0
E02001285,25,2,8.0
E02001286,24,0,0.0
E02001287,20,1,5.0
E02001288,28,8,28.57142857142857
E02001289,36,4,11.11111111111111
E02001290,21,0,0.0
E02001291,26,0,0.0
E02001292,28,3,10.714285714285714
E02001293,19,2,10.526315789473683
E02001294,26,8,30.76923076923077
E02001295,27,1,3.7037037037037033
E02001296,30,0,0.0
E02001297,23,4,17.391304347826086
E02001298,25,0,0.0
E02001299,27,3,11.11111111111111
E02001300,26,5,19.230769230769234
E02001301,28,4,14.285714285714285
E02001302,25,0,0.0
E02001303,29,3,10.344827586206897
E02001304,43,2,4.651162790697675
E02001305,26,0,0.0
E02001306,24,0,0.0
E02001307,36,0,0.0
E02001308,20,2,10.0
E02001309,26,2,7.6923076923076925
E02001310,29,4,13.793103448275861
E02001311,28,3,10.714285714285714
E02001312,31,4,12.903225806451612
E02001313,25,2,8.0
E02001314,25,1,4.0
E02001315,29,0,0.0
E02001316,22,3,13.636363636363635
E02001317,30,5,16.666666666666664
E02001318,26,2,7.6923076923076925
E02001319,28,3,10.714285714285714
E02001320,26,3,11.538461538461538
E02001321,25,1,4.0
E02001322,24,3,12.5
E02001323,25,4,16.0
E02001324,26,3,11.538461538461538
E02001325,30,3,10.0
E02001326,25,4,16.0
E02001327,25,0,0.0
E02001328,33,4,12.121212121212121
E02001329,28,0,0.0
E02001330,29,2,6.896551724137931
E02001331,33,1,3.0303030303030303
E02001332,25,2,8.0
E02001333,36,4,11.11111111111111
E02001334,23,1,4.3478260869565215
E02001335,25,3,12.0
E02001336,24,2,8.333333333333332
E02001337,20,3,15.0
E02001338,20,3,15.0
E02001339,23,1,4.3478260869565215
E02001340,32,1,3.125
E02001341,25,3,12.0
E02001342,22,2,9.090909090909092
E02001343,23,4,17.391304347826086
E02001344,19,0,0.0
E02001345,18,1,5.555555555555555
E02001346,24,2,8.333333333333332
E02001347,25,1,4.0
E02001348,26,4,15.384615384615385
E02001349,25,7,28.000000000000004
E02001350,27,2,7.4074074074074066
E02001351,29,2,6.896551724137931
E02001352,23,2,8.695652173913043
E02001353,24,4,16.666666666666664
E02001354,26,0,0.0
E02001355,26,4,15.384615384615385
E02001356,28,1,3.571428571428571
E02001357,24,1,4.166666666666666
E02001358,25,1,4.0
E02001359,17,4,23.52941176470588
E02001360,29,2,6.896551724137931
E02001361,27,3,11.11111111111111
E02001362,26,2,7.6923076923076925
E02001363,27,0,0.0
E02001364,20,2,10.0
E02001365,33,2,6.0606060606060606
E02001366,31,5,16.129032258064516
E02001367,33,3,9.090909090909092
E02001368,26,2,7.6923076923076925
E02001369,26,6,23.076923076923077
E02001370,24,3,12.5
E02001371,25,1,4.0
E02001372,22,0,0.0
E02001373,30,4,13.333333333333334
E02001374,30,1,3.3333333333333335
E02001375,25,5,20.0
E02001376,28,3,10.714285714285714
E02001377,32,3,9.375
E02001378,27,2,7.4074074074074066
E02001380,23,2,8.695652173913043
E02001381,32,4,12.5
E02001382,25,1,4.0
E02001383,30,3,10.0
E02001384,33,4,12.121212121212121
E02001385,25,3,12.0
E02001386,30,2,6.666666666666667
E02001387,25,2,8.0
E02001388,26,3,11.538461538461538
E02001389,25,6,24.0
E02001390,31,1,3.225806451612903
E02001391,21,1,4.761904761904762
E02001392,23,3,13.043478260869565
E02001393,24,3,12.5
E02001394,29,7,24.137931034482758
E02001395,21,6,28.57142857142857
E02001396,31,8,25.806451612903224
E02001397,27,4,14.814814814814813
E02001398,26,1,3.8461538461538463
E02001399,24,3,12.5
E02001400,22,2,9.090909090909092
E02001401,28,2,7.142857142857142
E02001402,31,4,12.903225806451612
E02001403,23,6,26.08695652173913
E02001404,27,2,7.4074074074074066
E02001405,31,0,0.0
E02001406,28,6,21.428571428571427
E02001407,21,4,19.047619047619047
E02001408,19,1,5.263157894736842
E02001409,36,5,13.88888888888889
E02001410,20,2,10.0
E02001411,19,1,5.263157894736842
E02001412,28,4,14.285714285714285
E02001413,33,2,6.0606060606060606
E02001414,19,1,5.263157894736842
E02001415,20,0,0.0
E02001416,22,1,4.545454545454546
E02001417,29,3,10.344827586206897
E02001418,21,3,14.285714285714285
E02001419,26,5,19.230769230769234
E02001420,39,8,20.51282051282051
E02001421,36,5,13.88888888888889
E02001422,21,1,4.761904761904762
E02001423,23,2,8.695652173913043
E02001425,35,2,5.714285714285714
E02001426,19,3,15.789473684210526
E02001427,35,3,8.571428571428571
E02001428,18,6,33.33333333333333
E02001429,25,4,16.0
E02001430,24,2,8.333333333333332
E02001431,29,4,13.793103448275861
E02001432,32,3,9.375
E02001433,25,1,4.0
E02001434,22,1,4.545454545454546
E02001435,27,0,0.0
E02001436,30,4,13.333333333333334
E02001437,33,13,39.39393939393939
E02001438,25,0,0.0
E02001439,22,2,9.090909090909092
E02001440,21,8,38.095238095238095
E02001441,22,7,31.818181818181817
E02001442,20,7,35.0
E02001443,19,2,10.526315789473683
E02001444,20,0,0.0
E02001445,24,3,12.5
E02001446,26,2,7.6923076923076925
E02001447,20,4,20.0
E02001448,22,3,13.636363636363635
E02001449,31,4,12.903225806451612
E02001450,28,8,28.57142857142857
E02001451,22,4,18.181818181818183
E02001452,23,1,4.3478260869565215
E02001453,27,1,3.7037037037037033
E02001454,23,0,0.0
E02001455,24,0,0.0
E02001456,24,8,33.33333333333333
E02001457,23,1,4.3478260869565215
E02001458,27,6,22.22222222222222
E02001459,24,1,4.166666666666666
E02001460,30,6,20.0
E02001461,21,2,9.523809523809524
E02001462,25,4,16.0
E02001463,22,1,4.545454545454546
E02001464,24,2,8.333333333333332
E02001465,27,0,0.0
E02001466,29,4,13.793103448275861
E02001467,26,3,11.538461538461538
E02001468,25,8,32.0
E02001469,26,3,11.538461538461538
E02001470,28,1,3.571428571428571
E02001471,25,3,12.0
E02001472,23,4,17.391304347826086
E02001473,26,1,3.8461538461538463
E02001474,26,0,0.0
E02001475,21,2,9.523809523809524
E02001476,26,2,7.6923076923076925
E02001477,25,1,4.0
E02001478,29,3,10.344827586206897
E02001479,19,1,5.263157894736842
E02001480,25,7,28.000000000000004
E02001481,25,6,24.0
E02001482,29,1,3.4482758620689653
E02001483,26,5,19.230769230769234
E02001484,27,5,18.51851851851852
E02001485,22,1,4.545454545454546
E02001486,29,4,13.793103448275861
E02001487,30,3,10.0
E02001488,27,11,40.74074074074074
E02001489,29,9,31.03448275862069
E02001490,27,0,0.0
E02001491,24,1,4.166666666666666
E02001492,28,7,25.0
E02001493,26,1,3.8461538461538463
E02001494,23,1,4.3478260869565215
E02001495,25,1,4.0
E02001496,20,2,10.0
E02001497,27,2,7.4074074074074066
E02001498,25,2,8.0
E02001499,24,1,4.166666666666666
E02001500,27,4,14.814814814814813
E02001501,26,3,11.538461538461538
E02001502,32,9,28.125
E02001503,26,7,26.923076923076923
E02001504,23,9,39.130434782608695
E02001505,22,1,4.545454545454546
E02001506,29,5,17.24137931034483
E02001507,24,0,0.0
E02001508,28,0,0.0
E02001509,21,1,4.761904761904762
E02001510,19,0,0.0
E02001511,18,2,11.11111111111111
E02001512,29,2,6.896551724137931
E02001513,26,5,19.230769230769234
E02001514,22,3,13.636363636363635
E02001515,32,2,6.25
E02001516,19,1,5.263157894736842
E02001517,28,5,17.857142857142858
E02001518,34,8,23.52941176470588
E02001519,24,5,20.833333333333336
E02001520,39,10,25.64102564102564
E02001521,42,8,19.047619047619047
E02001522,31,1,3.225806451612903
E02001523,22,5,22.727272727272727
E02001524,20,5,25.0
E02001525,25,1,4.0
E02001526,18,1,5.555555555555555
E02001527,19,4,21.052631578947366
E02001528,36,3,8.333333333333332
E02001529,33,6,18.181818181818183
E02001530,26,3,11.538461538461538
E02001531,24,3,12.5
E02001532,34,5,14.705882352941178
E02001533,25,3,12.0
E02001534,30,3,10.0
E02001535,19,4,21.052631578947366
E02001536,28,8,28.57142857142857
E02001537,24,6,25.0
E02001538,26,7,26.923076923076923
E02001539,20,3,15.0
E02001540,40,10,25.0
E02001541,35,8,22.857142857142858
E02001542,23,1,4.3478260869565215
E02001543,29,7,24.137931034482758
E02001544,28,4,14.285714285714285
E02001545,28,9,32.142857142857146
E02001546,22,4,18.181818181818183
E02001547,35,2,5.714285714285714
E02001548,26,1,3.8461538461538463
E02001549,20,1,5.0
E02001550,26,4,15.384615384615385
E02001551,20,5,25.0
E02001552,25,6,24.0
E02001553,32,6,18.75
E02001554,21,2,9.523809523809524
E02001555,20,5,25.0
E02001556,30,3,10.0
E02001557,32,4,12.5
E02001558,24,7,29.166666666666668
E02001559,24,4,16.666666666666664
E02001560,36,5,13.88888888888889
E02001561,22,4,18.181818181818183
E02001562,21,4,19.047619047619047
E02001563,26,5,19.230769230769234
E02001564,25,10,40.0
E02001565,28,8,28.57142857142857
E02001566,26,1,3.8461538461538463
E02001567,28,1,3.571428571428571
E02001568,25,5,20.0
E02001569,30,2,6.666666666666667
E02001570,25,6,24.0
E02001571,21,5,23.809523809523807
E02001572,26,4,15.384615384615385
E02001573,25,2,8.0
E02001574,20,2,10.0
E02001575,25,5,20.0
E02001576,20,8,40.0
E02001577,25,12,48.0
E02001578,34,4,11.76470588235294
E02001579,32,4,12.5
E02001580,30,5,16.666666666666664
E02001581,21,3,14.285714285714285
E02001582,28,4,14.285714285714285
E02001583,18,4,22.22222222222222
E02001584,25,3,12.0
E02001585,20,2,10.0
E02001586,31,3,9.67741935483871
E02001587,20,1,5.0
E02001588,24,1,4.166666666666666
E02001589,26,9,34.61538461538461
E02001590,25,0,0.0
E02001591,25,3,12.0
E02001592,29,0,0.0
E02001593,22,1,4.545454545454546
E02001594,23,1,4.3478260869565215
E02001595,30,3,10.0
E02001596,29,3,10.344827586206897
E02001597,34,1,2.941176470588235
E02001598,31,0,0.0
E02001600,31,8,25.806451612903224
E02001602,30,2,6.666666666666667
E02001603,25,5,20.0
E02001604,34,8,23.52941176470588
E02001605,24,6,25.0
E02001606,27,2,7.4074074074074066
E02001607,30,3,10.0
E02001608,24,4,16.666666666666664
E02001609,29,5,17.24137931034483
E02001610,28,5,17.857142857142858
E02001611,27,5,18.51851851851852
E02001612,19,9,47.368421052631575
E02001613,35,5,14.285714285714285
E02001614,39,6,15.384615384615385
E02001615,27,4,14.814814814814813
E02001616,25,2,8.0
E02001617,18,0,0.0
E02001618,32,6,18.75
E02001619,35,1,2.857142857142857
E02001620,21,0,0.0
E02001621,21,1,4.761904761904762
E02001622,33,1,3.0303030303030303
E02001623,25,1,4.0
E02001624,32,3,9.375
E02001625,26,0,0.0
E02001626,20,5,25.0
E02001627,20,7,35.0
E02001628,18,0,0.0
E02001629,22,3,13.636363636363635
E02001630,24,0,0.0
E02001631,27,8,29.629629629629626
E02001632,35,0,0.0
E02001633,23,2,8.695652173913043
E02001634,34,8,23.52941176470588
E02001635,23,1,4.3478260869565215
E02001636,30,3,10.0
E02001637,22,0,0.0
E02001638,19,1,5.263157894736842
E02001639,22,3,13.636363636363635
E02001640,23,2,8.695652173913043
E02001642,33,6,18.181818181818183
E02001643,21,3,14.285714285714285
E02001646,22,2,9.090909090909092
E02001647,21,0,0.0
E02001648,21,3,14.285714285714285
E02001649,36,5,13.88888888888889
E02001650,29,1,3.4482758620689653
E02001651,26,2,7.6923076923076925
E02001652,32,3,9.375
E02001653,26,2,7.6923076923076925
E02001654,22,2,9.090909090909092
E02001655,27,0,0.0
E02001656,24,6,25.0
E02001657,30,9,30.0
E02001658,19,0,0.0
E02001659,23,3,13.043478260869565
E02001660,30,4,13.333333333333334
E02001661,27,2,7.4074074074074066
E02001662,27,0,0.0
E02001663,26,7,26.923076923076923
E02001664,20,1,5.0
E02001665,28,2,7.142857142857142
E02001666,21,0,0.0
E02001669,27,9,33.33333333333333
E02001670,22,3,13.636363636363635
E02001671,20,6,30.0
E02001672,21,0,0.0
E02001673,17,4,23.52941176470588
E02001674,32,4,12.5
E02001675,33,4,12.121212121212121
E02001676,20,4,20.0
E02001678,32,7,21.875
E02001679,25,2,8.0
E02001680,22,1,4.545454545454546
E02001681,27,6,22.22222222222222
E02001682,31,6,19.35483870967742
E02001683,32,8,25.0
E02001684,24,3,12.5
E02001685,27,6,22.22222222222222
E02001686,25,6,24.0
E02001688,26,1,3.8461538461538463
E02001689,28,3,10.714285714285714
E02001690,26,4,15.384615384615385
E02001691,33,4,12.121212121212121
E02001692,22,2,9.090909090909092
E02001693,21,0,0.0
E02001694,23,5,21.73913043478261
E02001695,23,2,8.695652173913043
E02001696,31,1,3.225806451612903
E02001697,26,3,11.538461538461538
E02001698,25,6,24.0
E02001699,24,2,8.333333333333332
E02001700,36,4,11.11111111111111
E02001701,22,2,9.090909090909092
E02001702,27,1,3.7037037037037033
E02001703,20,1,5.0
E02001704,27,2,7.4074074074074066
E02001706,25,4,16.0
E02001707,28,3,10.714285714285714
E02001709,35,5,14.285714285714285
E02001710,35,3,8.571428571428571
E02001711,32,2,6.25
E02001712,31,3,9.67741935483871
E02001713,33,2,6.0606060606060606
E02001714,32,8,25.0
E02001715,38,4,10.526315789473683
E02001718,22,2,9.090909090909092
E02001719,30,2,6.666666666666667
E02001720,25,2,8.0
E02001721,36,5,13.88888888888889
E02001722,33,2,6.0606060606060606
E02001723,20,2,10.0
E02001724,24,7,29.166666666666668
E02001725,33,4,12.121212121212121
E02001726,37,7,18.91891891891892
E02001727,30,3,10.0
E02001728,34,4,11.76470588235294
E02001729,31,5,16.129032258064516
E02001732,21,0,0.0
E02001734,25,1,4.0
E02001735,22,0,0.0
E02001737,20,2,10.0
E02001738,21,2,9.523809523809524
E02001739,28,4,14.285714285714285
E02001740,19,2,10.526315789473683
E02001741,30,4,13.333333333333334
E02001742,20,5,25.0
E02001743,24,6,25.0
E02001744,28,5,17.857142857142858
E02001745,21,1,4.761904761904762
E02001746,27,4,14.814814814814813
E02001747,23,3,13.043478260869565
E02001748,28,3,10.714285714285714
E02001749,23,5,21.73913043478261
E02001750,23,3,13.043478260869565
E02001751,23,4,17.391304347826086
E02001752,22,1,4.545454545454546
E02001753,23,5,21.73913043478261
E02001754,22,4,18.181818181818183
E02001755,32,6,18.75
E02001756,31,4,12.903225806451612
E02001757,21,0,0.0
E02001758,20,2,10.0
E02001759,23,7,30.434782608695656
E02001760,26,4,15.384615384615385
E02001761,20,2,10.0
E02001762,23,7,30.434782608695656
E02001763,23,5,21.73913043478261
E02001764,26,3,11.538461538461538
E02001765,27,5,18.51851851851852
E02001766,26,5,19.230769230769234
E02001767,26,5,19.230769230769234
E02001768,30,7,23.333333333333332
E02001769,31,4,12.903225806451612
E02001770,24,8,33.33333333333333
E02001771,22,4,18.181818181818183
E02001772,20,9,45.0
E02001773,19,1,5.263157894736842
E02001774,19,2,10.526315789473683
E02001775,20,1,5.0
E02001776,31,7,22.58064516129032
E02001777,24,7,29.166666666666668
E02001778,24,4,16.666666666666664
E02001779,21,0,0.0
E02001780,21,0,0.0
E02001781,21,1,4.761904761904762
E02001782,34,2,5.88235294117647
E02001783,25,0,0.0
E02001784,24,3,12.5
E02001785,29,2,6.896551724137931
E02001786,25,0,0.0
E02001787,19,1,5.263157894736842
E02001788,21,0,0.0
E02001789,19,3,15.789473684210526
E02001790,20,4,20.0
E02001791,19,1,5.263157894736842
E02001792,24,5,20.833333333333336
E02001793,32,0,0.0
E02001794,31,3,9.67741935483871
E02001795,28,2,7.142857142857142
E02001796,33,5,15.151515151515152
E02001797,19,1,5.263157894736842
E02001798,29,0,0.0
E02001799,35,1,2.857142857142857
E02001800,23,2,8.695652173913043
E02001801,19,4,21.052631578947366
E02001802,25,2,8.0
E02001803,33,3,9.090909090909092
E02001804,20,2,10.0
E02001805,20,2,10.0
E02001806,33,3,9.090909090909092
E02001807,27,2,7.4074074074074066
E02001808,19,3,15.789473684210526
E02001809,24,2,8.333333333333332
E02001810,30,2,6.666666666666667
E02001811,34,3,8.823529411764707
E02001812,33,6,18.181818181818183
E02001813,35,1,2.857142857142857
E02001814,21,0,0.0
E02001815,33,6,18.181818181818183
E02001816,27,1,3.7037037037037033
E02001817,23,1,4.3478260869565215
E02001818,29,2,6.896551724137931
E02001819,25,4,16.0
E02001820,35,4,11.428571428571429
E02001821,20,1,5.0
E02001822,25,3,12.0
E02001823,25,0,0.0
E02001824,31,2,6.451612903225806
E02001825,26,4,15.384615384615385
E02001826,28,2,7.142857142857142
E02001827,20,4,20.0
E02001828,23,3,13.043478260869565
E02001829,29,2,6.896551724137931
E02001830,31,3,9.67741935483871
E02001831,34,2,5.88235294117647
E02001832,27,4,14.814814814814813
E02001833,19,1,5.263157894736842
E02001834,20,0,0.0
E02001835,26,1,3.8461538461538463
E02001836,29,1,3.4482758620689653
E02001837,34,0,0.0
E02001838,24,5,20.833333333333336
E02001839,21,6,28.57142857142857
E02001840,29,3,10.344827586206897
E02001841,19,1,5.263157894736842
E02001842,26,2,7.6923076923076925
E02001843,21,1,4.761904761904762
E02001844,32,8,25.0
E02001845,21,4,19.047619047619047
E02001846,26,2,7.6923076923076925
E02001847,19,5,26.31578947368421
E02001848,20,1,5.0
E02001849,27,2,7.4074074074074066
E02001850,25,5,20.0
E02001851,28,3,10.714285714285714
E02001852,20,1,5.0
E02001855,33,0,0.0
E02001856,26,2,7.6923076923076925
E02001857,42,3,7.142857142857142
E02001858,24,2,8.333333333333332
E02001859,25,0,0.0
E02001860,23,0,0.0
E02001861,26,2,7.6923076923076925
E02001862,26,1,3.8461538461538463
E02001863,22,0,0.0
E02001865,30,0,0.0
E02001866,24,0,0.0
E02001867,21,0,0.0
E02001868,22,1,4.545454545454546
E02001869,18,0,0.0
E02001870,30,0,0.0
E02001871,28,1,3.571428571428571
E02001872,23,0,0.0
E02001873,28,0,0.0
E02001874,22,1,4.545454545454546
E02001875,26,4,15.384615384615385
E02001876,27,3,11.11111111111111
E02001877,29,1,3.4482758620689653
E02001878,23,1,4.3478260869565215
E02001879,24,0,0.0
E02001880,28,3,10.714285714285714
E02001881,23,0,0.0
E02001882,24,0,0.0
E02001883,28,4,14.285714285714285
E02001884,23,0,0.0
E02001886,29,1,3.4482758620689653
E02001888,19,1,5.263157894736842
E02001889,19,0,0.0
E02001890,32,2,6.25
E02001892,28,0,0.0
E02001893,26,3,11.538461538461538
E02001895,27,1,3.7037037037037033
E02001896,23,0,0.0
E02001897,22,2,9.090909090909092
E02001898,22,2,9.090909090909092
E02001899,26,2,7.6923076923076925
E02001900,22,1,4.545454545454546
E02001901,28,2,7.142857142857142
E02001902,20,2,10.0
E02001903,22,0,0.0
E02001904,20,3,15.0
E02001905,25,2,8.0
E02001906,30,2,6.666666666666667
E02001907,33,2,6.0606060606060606
E02001908,23,0,0.0
E02001909,20,1,5.0
E02001910,18,0,0.0
E02001911,26,5,19.230769230769234
E02001913,25,1,4.0
E02001914,18,0,0.0
E02001915,35,4,11.428571428571429
E02001916,25,1,4.0
E02001918,30,4,13.333333333333334
E02001919,20,2,10.0
E02001920,26,3,11.538461538461538
E02001921,26,2,7.6923076923076925
E02001922,35,22,62.857142857142854
E02001923,27,1,3.7037037037037033
E02001924,20,2,10.0
E02001925,21,1,4.761904761904762
E02001926,24,2,8.333333333333332
E02001927,25,1,4.0
E02001928,23,0,0.0
E02001929,29,3,10.344827586206897
E02001930,25,0,0.0
E02001931,24,6,25.0
E02001932,26,2,7.6923076923076925
E02001933,25,4,16.0
E02001934,18,4,22.22222222222222
E02001935,25,2,8.0
E02001936,20,2,10.0
E02001937,25,1,4.0
E02001938,26,2,7.6923076923076925
E02001939,24,4,16.666666666666664
E02001941,21,3,14.285714285714285
E02001942,22,3,13.636363636363635
E02001943,20,4,20.0
E02001944,27,2,7.4074074074074066
E02001945,24,1,4.166666666666666
E02001946,25,3,12.0
E02001947,23,1,4.3478260869565215
E02001948,23,0,0.0
E02001949,19,3,15.789473684210526
E02001950,26,3,11.538461538461538
E02001951,32,3,9.375
E02001952,30,2,6.666666666666667
E02001953,24,3,12.5
E02001954,27,0,0.0
E02001955,24,4,16.666666666666664
E02001956,22,2,9.090909090909092
E02001957,24,2,8.333333333333332
E02001958,25,6,24.0
E02001959,20,1,5.0
E02001961,26,1,3.8461538461538463
E02001962,21,3,14.285714285714285
E02001963,19,5,26.31578947368421
E02001964,32,7,21.875
E02001965,24,0,0.0
E02001966,18,1,5.555555555555555
E02001967,22,2,9.090909090909092
E02001968,23,4,17.391304347826086
E02001969,22,1,4.545454545454546
E02001970,20,2,10.0
E02001971,19,5,26.31578947368421
E02001972,31,0,0.0
E02001973,26,5,19.230769230769234
E02001974,32,13,40.625
E02001975,24,7,29.166666666666668
E02001976,25,5,20.0
E02001977,30,3,10.0
E02001978,21,7,33.33333333333333
E02001979,20,5,25.0
E02001980,21,1,4.761904761904762
E02001981,35,1,2.857142857142857
E02001982,29,5,17.24137931034483
E02001983,27,5,18.51851851851852
E02001984,31,5,16.129032258064516
E02001985,23,2,8.695652173913043
E02001986,27,1,3.7037037037037033
E02001987,21,3,14.285714285714285
E02001988,31,2,6.451612903225806
E02001989,19,2,10.526315789473683
E02001990,30,3,10.0
E02001991,29,7,24.137931034482758
E02001992,31,3,9.67741935483871
E02001993,25,5,20.0
E02001994,27,1,3.7037037037037033
E02001995,30,5,16.666666666666664
E02001996,24,3,12.5
E02001997,28,2,7.142857142857142
E02001998,19,5,26.31578947368421
E02001999,21,4,19.047619047619047
E02002000,27,3,11.11111111111111
E02002001,20,4,20.0
E02002002,24,6,25.0
E02002003,30,2,6.666666666666667
E02002004,23,2,8.695652173913043
E02002005,28,2,7.142857142857142
E02002006,22,4,18.181818181818183
E02002007,30,2,6.666666666666667
E02002008,25,5,20.0
E02002009,21,1,4.761904761904762
E02002010,27,2,7.4074074074074066
E02002011,19,4,21.052631578947366
E02002012,27,2,7.4074074074074066
E02002013,22,5,22.727272727272727
E02002014,23,0,0.0
E02002015,23,1,4.3478260869565215
E02002016,25,0,0.0
E02002017,25,2,8.0
E02002018,30,8,26.666666666666668
E02002019,24,0,0.0
E02002020,31,6,19.35483870967742
E02002021,27,5,18.51851851851852
E02002022,28,2,7.142857142857142
E02002023,18,2,11.11111111111111
E02002024,26,2,7.6923076923076925
E02002025,27,3,11.11111111111111
E02002026,22,2,9.090909090909092
E02002027,18,2,11.11111111111111
E02002028,21,4,19.047619047619047
E02002029,19,3,15.789473684210526
E02002030,21,0,0.0
E02002031,18,3,16.666666666666664
E02002032,30,1,3.3333333333333335
E02002033,25,5,20.0
E02002034,28,3,10.714285714285714
E02002035,19,5,26.31578947368421
E02002036,21,2,9.523809523809524
E02002037,20,3,15.0
E02002038,31,3,9.67741935483871
E02002039,20,3,15.0
E02002040,20,6,30.0
E02002041,21,3,14.285714285714285
E02002042,27,1,3.7037037037037033
E02002043,24,3,12.5
E02002044,24,3,12.5
E02002045,24,2,8.333333333333332
E02002046,17,0,0.0
E02002047,22,2,9.090909090909092
E02002048,22,1,4.545454545454546
E02002049,18,3,16.666666666666664
E02002051,18,0,0.0
E02002052,30,1,3.3333333333333335
E02002053,20,2,10.0
E02002054,17,3,17.647058823529413
E02002055,30,1,3.3333333333333335
E02002056,29,1,3.4482758620689653
E02002057,32,9,28.125
E02002058,39,4,10.256410256410255
E02002059,33,2,6.0606060606060606
E02002060,20,0,0.0
E02002061,18,0,0.0
E02002062,24,1,4.166666666666666
E02002063,28,2,7.142857142857142
E02002064,36,4,11.11111111111111
E02002065,34,1,2.941176470588235
E02002066,20,0,0.0
E02002067,20,4,20.0
E02002069,23,3,13.043478260869565
E02002070,26,4,15.384615384615385
E02002071,21,1,4.761904761904762
E02002072,26,4,15.384615384615385
E02002073,24,1,4.166666666666666
E02002074,25,1,4.0
E02002075,27,6,22.22222222222222
E02002076,35,9,25.71428571428571
E02002077,34,0,0.0
E02002078,21,1,4.761904761904762
E02002079,27,2,7.4074074074074066
E02002080,23,2,8.695652173913043
E02002081,19,5,26.31578947368421
E02002082,19,1,5.263157894736842
E02002083,19,0,0.0
E02002084,21,2,9.523809523809524
E02002085,21,1,4.761904761904762
E02002086,19,0,0.0
E02002087,21,2,9.523809523809524
E02002088,33,5,15.151515151515152
E02002089,24,3,12.5
E02002090,18,0,0.0
E02002091,26,1,3.8461538461538463
E02002092,24,0,0.0
E02002093,22,1,4.545454545454546
E02002094,18,3,16.666666666666664
E02002095,28,5,17.857142857142858
E02002096,30,2,6.666666666666667
E02002097,23,6,26.08695652173913
E02002098,29,4,13.793103448275861
E02002099,20,1,5.0
E02002101,21,2,9.523809523809524
E02002102,26,2,7.6923076923076925
E02002103,20,3,15.0
E02002104,19,2,10.526315789473683
E02002105,23,3,13.043478260869565
E02002106,30,4,13.333333333333334
E02002107,18,0,0.0
E02002108,31,3,9.67741935483871
E02002109,39,6,15.384615384615385
E02002110,22,1,4.545454545454546
E02002111,22,0,0.0
E02002112,18,2,11.11111111111111
E02002113,20,0,0.0
E02002114,20,5,25.0
E02002115,22,4,18.181818181818183
E02002116,22,2,9.090909090909092
E02002117,22,4,18.181818181818183
E02002118,23,1,4.3478260869565215
E02002119,19,1,5.263157894736842
E02002120,19,1,5.263157894736842
E02002121,19,1,5.263157894736842
E02002122,19,1,5.263157894736842
E02002123,20,3,15.0
E02002124,25,4,16.0
E02002125,20,0,0.0
E02002126,21,0,0.0
E02002127,26,1,3.8461538461538463
E02002128,18,1,5.555555555555555
E02002129,19,2,10.526315789473683
E02002130,21,0,0.0
E02002131,24,2,8.333333333333332
E02002132,19,0,0.0
E02002133,21,1,4.761904761904762
E02002134,25,2,8.0
E02002135,22,0,0.0
E02002136,22,4,18.181818181818183
E02002137,20,5,25.0
E02002138,18,3,16.666666666666664
E02002139,32,6,18.75
E02002140,23,0,0.0
E02002141,21,0,0.0
E02002142,20,0,0.0
E02002143,25,0,0.0
E02002144,19,3,15.789473684210526
E02002145,26,3,11.538461538461538
E02002146,16,3,18.75
E02002147,26,2,7.6923076923076925
E02002148,36,3,8.333333333333332
E02002149,32,1,3.125
E02002150,18,1,5.555555555555555
E02002151,20,3,15.0
E02002152,18,0,0.0
E02002153,27,0,0.0
E02002154,24,0,0.0
E02002155,17,0,0.0
E02002156,27,0,0.0
E02002157,25,4,16.0
E02002158,26,2,7.6923076923076925
E02002159,17,3,17.647058823529413
E02002160,24,0,0.0
E02002161,19,2,10.526315789473683
E02002162,27,8,29.629629629629626
E02002163,36,3,8.333333333333332
E02002164,17,0,0.0
E02002165,27,6,22.22222222222222
E02002166,30,2,6.666666666666667
E02002167,23,3,13.043478260869565
E02002168,34,2,5.88235294117647
E02002169,28,4,14.285714285714285
E02002170,21,1,4.761904761904762
E02002171,22,2,9.090909090909092
E02002174,24,6,25.0
E02002175,21,4,19.047619047619047
E02002176,26,2,7.6923076923076925
E02002177,34,6,17.647058823529413
E02002178,21,5,23.809523809523807
E02002179,20,4,20.0
E02002180,21,0,0.0
E02002181,28,3,10.714285714285714
E02002182,20,3,15.0
E02002183,20,12,60.0
E02002184,42,9,21.428571428571427
E02002185,19,7,36.84210526315789
E02002187,21,3,14.285714285714285
E02002188,23,0,0.0
E02002189,17,3,17.647058823529413
E02002190,34,3,8.823529411764707
E02002191,29,2,6.896551724137931
E02002192,29,4,13.793103448275861
E02002193,22,1,4.545454545454546
E02002194,25,2,8.0
E02002195,21,4,19.047619047619047
E02002196,21,4,19.047619047619047
E02002197,30,10,33.33333333333333
E02002198,28,5,17.857142857142858
E02002199,24,4,16.666666666666664
E02002200,29,3,10.344827586206897
E02002201,37,8,21.62162162162162
E02002202,28,4,14.285714285714285
E02002203,24,2,8.333333333333332
E02002204,37,3,8.108108108108109
E02002205,32,14,43.75
E02002206,26,0,0.0
E02002207,18,1,5.555555555555555
E02002208,25,2,8.0
E02002209,19,1,5.263157894736842
E02002210,23,5,21.73913043478261
E02002211,17,1,5.88235294117647
E02002212,22,0,0.0
E02002213,21,7,33.33333333333333
E02002214,18,5,27.77777777777778
E02002215,24,0,0.0
E02002216,24,1,4.166666666666666
E02002217,27,1,3.7037037037037033
E02002218,28,6,21.428571428571427
E02002219,18,0,0.0
E02002220,22,1,4.545454545454546
E02002222,23,2,8.695652173913043
E02002223,19,1,5.263157894736842
E02002224,24,0,0.0
E02002225,26,6,23.076923076923077
E02002226,34,2,5.88235294117647
E02002227,19,2,10.526315789473683
E02002228,22,4,18.181818181818183
E02002229,25,6,24.0
E02002230,24,2,8.333333333333332
E02002231,37,3,8.108108108108109
E02002232,19,1,5.263157894736842
E02002233,21,0,0.0
E02002234,24,1,4.166666666666666
E02002235,18,2,11.11111111111111
E02002236,19,5,26.31578947368421
E02002237,25,5,20.0
E02002238,20,2,10.0
E02002239,29,4,13.793103448275861
E02002240,37,9,24.324324324324326
E02002241,37,1,2.7027027027027026
E02002242,27,4,14.814814814814813
E02002243,29,3,10.344827586206897
E02002244,22,4,18.181818181818183
E02002245,17,2,11.76470588235294
E02002246,33,7,21.21212121212121
E02002247,32,12,37.5
E02002248,24,1,4.166666666666666
E02002249,19,2,10.526315789473683
E02002250,27,11,40.74074074074074
E02002251,28,4,14.285714285714285
E02002252,22,3,13.636363636363635
E02002253,23,4,17.391304347826086
E02002254,21,4,19.047619047619047
E02002255,21,1,4.761904761904762
E02002256,31,12,38.70967741935484
E02002257,18,1,5.555555555555555
E02002258,31,7,22.58064516129032
E02002259,23,5,21.73913043478261
E02002260,30,8,26.666666666666668
E02002261,25,6,24.0
E02002262,28,6,21.428571428571427
E02002263,20,3,15.0
E02002264,23,6,26.08695652173913
E02002265,19,6,31.57894736842105
E02002266,19,4,21.052631578947366
E02002267,26,3,11.538461538461538
E02002268,34,7,20.588235294117645
E02002269,30,6,20.0
E02002270,27,7,25.925925925925924
E02002271,23,5,21.73913043478261
E02002272,32,4,12.5
E02002273,22,5,22.727272727272727
E02002274,22,3,13.636363636363635
E02002275,29,6,20.689655172413794
E02002276,23,2,8.695652173913043
E02002277,20,2,10.0
E02002278,21,3,14.285714285714285
E02002279,21,3,14.285714285714285
E02002280,19,1,5.263157894736842
E02002281,32,4,12.5
E02002282,20,6,30.0
E02002283,21,2,9.523809523809524
E02002284,23,1,4.3478260869565215
E02002285,25,3,12.0
E02002286,17,6,35.294117647058826
E02002287,21,1,4.761904761904762
E02002288,31,6,19.35483870967742
E02002289,17,0,0.0
E02002290,21,1,4.761904761904762
E02002291,19,2,10.526315789473683
E02002292,18,2,11.11111111111111
E02002293,22,2,9.090909090909092
E02002294,27,0,0.0
E02002295,22,4,18.181818181818183
E02002296,24,5,20.833333333333336
E02002297,22,5,22.727272727272727
E02002298,21,4,19.047619047619047
E02002299,21,2,9.523809523809524
E02002300,27,2,7.4074074074074066
E02002301,21,3,14.285714285714285
E02002302,22,3,13.636363636363635
E02002303,22,3,13.636363636363635
E02002304,23,5,21.73913043478261
E02002305,20,1,5.0
E02002306,21,2,9.523809523809524
E02002307,20,1,5.0
E02002308,23,5,21.73913043478261
E02002309,20,3,15.0
E02002310,20,3,15.0
E02002311,21,4,19.047619047619047
E02002312,26,2,7.6923076923076925
E02002313,20,2,10.0
E02002314,20,5,25.0
E02002315,22,6,27.27272727272727
E02002316,21,3,14.285714285714285
E02002317,22,3,13.636363636363635
E02002318,22,5,22.727272727272727
E02002319,22,12,54.54545454545454
E02002320,23,6,26.08695652173913
E02002321,20,5,25.0
E02002322,20,5,25.0
E02002323,29,6,20.689655172413794
E02002324,20,4,20.0
E02002325,29,9,31.03448275862069
E02002326,20,1,5.0
E02002327,30,5,16.666666666666664
E02002328,21,7,33.33333333333333
E02002329,37,3,8.108108108108109
E02002330,23,5,21.73913043478261
E02002331,23,3,13.043478260869565
E02002332,23,4,17.391304347826086
E02002333,27,10,37.03703703703704
E02002334,25,4,16.0
E02002335,24,3,12.5
E02002336,21,2,9.523809523809524
E02002337,25,2,8.0
E02002338,25,8,32.0
E02002339,21,5,23.809523809523807
E02002340,20,2,10.0
E02002341,26,5,19.230769230769234
E02002342,22,3,13.636363636363635
E02002343,20,7,35.0
E02002344,28,4,14.285714285714285
E02002345,18,1,5.555555555555555
E02002346,22,1,4.545454545454546
E02002347,22,0,0.0
E02002348,23,3,13.043478260869565
E02002349,19,3,15.789473684210526
E02002350,20,1,5.0
E02002351,20,2,10.0
E02002352,24,3,12.5
E02002353,19,3,15.789473684210526
E02002354,25,2,8.0
E02002356,28,1,3.571428571428571
E02002357,28,8,28.57142857142857
E02002358,29,3,10.344827586206897
E02002359,22,7,31.818181818181817
E02002360,26,3,11.538461538461538
E02002361,20,3,15.0
E02002362,27,3,11.11111111111111
E02002363,23,5,21.73913043478261
E02002364,21,2,9.523809523809524
E02002366,22,4,18.181818181818183
E02002367,21,4,19.047619047619047
E02002368,25,6,24.0
E02002369,25,1,4.0
E02002370,22,2,9.090909090909092
E02002371,29,2,6.896551724137931
E02002373,25,2,8.0
E02002374,22,2,9.090909090909092
E02002375,20,3,15.0
E02002376,20,2,10.0
E02002377,19,1,5.263157894736842
E02002379,17,1,5.88235294117647
E02002380,21,3,14.285714285714285
E02002381,20,8,40.0
E02002382,19,2,10.526315789473683
E02002383,23,7,30.434782608695656
E02002384,38,3,7.894736842105263
E02002385,26,2,7.6923076923076925
E02002386,34,4,11.76470588235294
E02002387,20,4,20.0
E02002388,25,4,16.0
E02002389,23,1,4.3478260869565215
E02002390,24,1,4.166666666666666
E02002391,27,6,22.22222222222222
E02002392,25,1,4.0
E02002393,26,3,11.538461538461538
E02002394,23,5,21.73913043478261
E02002395,22,5,22.727272727272727
E02002396,29,1,3.4482758620689653
E02002397,26,3,11.538461538461538
E02002398,26,7,26.923076923076923
E02002399,20,3,15.0
E02002400,30,4,13.333333333333334
E02002401,19,1,5.263157894736842
E02002402,19,6,31.57894736842105
E02002403,21,6,28.57142857142857
E02002404,39,4,10.256410256410255
E02002405,28,5,17.857142857142858
E02002406,24,3,12.5
E02002407,22,2,9.090909090909092
E02002408,24,4,16.666666666666664
E02002409,22,0,0.0
E02002410,25,1,4.0
E02002411,30,0,0.0
E02002412,26,5,19.230769230769234
E02002414,24,1,4.166666666666666
E02002415,21,2,9.523809523809524
E02002416,24,5,20.833333333333336
E02002417,23,12,52.17391304347826
E02002418,24,3,12.5
E02002419,27,3,11.11111111111111
E02002420,27,3,11.11111111111111
E02002421,21,1,4.761904761904762
E02002422,21,4,19.047619047619047
E02002423,19,1,5.263157894736842
E02002424,26,6,23.076923076923077
E02002425,28,3,10.714285714285714
E02002426,25,2,8.0
E02002427,25,3,12.0
E02002428,25,3,12.0
E02002429,29,4,13.793103448275861
E02002430,25,3,12.0
E02002431,29,4,13.793103448275861
E02002432,25,3,12.0
E02002433,24,6,25.0
E02002434,30,5,16.666666666666664
E02002435,25,5,20.0
E02002436,22,4,18.181818181818183
E02002437,19,2,10.526315789473683
E02002438,28,3,10.714285714285714
E02002439,32,7,21.875
E02002440,26,2,7.6923076923076925
E02002441,31,3,9.67741935483871
E02002442,22,4,18.181818181818183
E02002443,22,5,22.727272727272727
E02002444,23,4,17.391304347826086
E02002445,26,3,11.538461538461538
E02002446,20,4,20.0
E02002447,22,1,4.545454545454546
E02002448,28,4,14.285714285714285
E02002449,30,4,13.333333333333334
E02002450,25,7,28.000000000000004
E02002451,26,4,15.384615384615385
E02002452,31,3,9.67741935483871
E02002453,33,0,0.0
E02002454,27,2,7.4074074074074066
E02002455,22,2,9.090909090909092
E02002456,21,4,19.047619047619047
E02002457,26,3,11.538461538461538
E02002458,29,9,31.03448275862069
E02002459,30,5,16.666666666666664
E02002460,26,7,26.923076923076923
E02002461,38,7,18.421052631578945
E02002462,27,5,18.51851851851852
E02002463,31,1,3.225806451612903
E02002464,31,4,12.903225806451612
E02002465,21,6,28.57142857142857
E02002466,32,3,9.375
E02002467,29,4,13.793103448275861
E02002468,20,5,25.0
E02002469,22,4,18.181818181818183
E02002470,20,3,15.0
E02002471,40,11,27.500000000000004
E02002472,19,4,21.052631578947366
E02002473,22,4,18.181818181818183
E02002474,23,0,0.0
E02002475,19,4,21.052631578947366
E02002476,20,2,10.0
E02002477,19,1,5.263157894736842
E02002478,20,4,20.0
E02002479,26,4,15.384615384615385
E02002480,22,2,9.090909090909092
E02002481,21,4,19.047619047619047
E02002482,22,2,9.090909090909092
E02002483,34,5,14.705882352941178
E02002484,35,3,8.571428571428571
E02002485,29,2,6.896551724137931
E02002489,25,2,8.0
E02002490,22,2,9.090909090909092
E02002491,22,0,0.0
E02002492,22,2,9.090909090909092
E02002493,22,4,18.181818181818183
E02002494,27,1,3.7037037037037033
E02002496,33,6,18.181818181818183
E02002497,22,3,13.636363636363635
E02002498,29,4,13.793103448275861
E02002499,25,0,0.0
E02002500,18,2,11.11111111111111
E02002501,17,0,0.0
E02002502,34,1,2.941176470588235
E02002503,21,1,4.761904761904762
E02002504,27,5,18.51851851851852
E02002505,21,0,0.0
E02002506,20,1,5.0
E02002507,18,2,11.11111111111111
E02002508,18,4,22.22222222222222
E02002509,18,1,5.555555555555555
E02002510,23,2,8.695652173913043
E02002512,17,6,35.294117647058826
E02002513,36,4,11.11111111111111
E02002514,29,4,13.793103448275861
E02002515,24,2,8.333333333333332
E02002516,21,0,0.0
E02002517,19,4,21.052631578947366
E02002518,38,6,15.789473684210526
E02002519,28,6,21.428571428571427
E02002520,48,7,14.583333333333334
E02002521,21,7,33.33333333333333
E02002523,22,0,0.0
E02002524,18,2,11.11111111111111
E02002525,29,3,10.344827586206897
E02002526,25,1,4.0
E02002527,17,2,11.76470588235294
E02002529,20,1,5.0
E02002530,21,2,9.523809523809524
E02002532,25,3,12.0
E02002533,22,6,27.27272727272727
E02002534,20,6,30.0
E02002535,32,3,9.375
E02002536,35,6,17.142857142857142
E02002537,29,2,6.896551724137931
E02002538,19,1,5.263157894736842
E02002539,33,3,9.090909090909092
E02002540,21,1,4.761904761904762
E02002541,22,2,9.090909090909092
E02002542,26,0,0.0
E02002543,31,2,6.451612903225806
E02002544,29,2,6.896551724137931
E02002545,18,2,11.11111111111111
E02002546,24,0,0.0
E02002547,22,8,36.36363636363637
E02002549,27,0,0.0
E02002550,21,3,14.285714285714285
E02002551,23,2,8.695652173913043
E02002552,21,3,14.285714285714285
E02002553,19,3,15.789473684210526
E02002554,18,2,11.11111111111111
E02002555,32,7,21.875
E02002556,22,2,9.090909090909092
E02002558,37,7,18.91891891891892
E02002559,32,7,21.875
E02002560,19,4,21.052631578947366
E02002561,20,5,25.0
E02002562,23,1,4.3478260869565215
E02002563,19,3,15.789473684210526
E02002564,32,0,0.0
E02002567,32,2,6.25
E02002568,18,4,22.22222222222222
E02002569,31,4,12.903225806451612
E02002570,28,4,14.285714285714285
E02002571,23,2,8.695652173913043
E02002572,21,4,19.047619047619047
E02002573,29,7,24.137931034482758
E02002574,26,4,15.384615384615385
E02002575,31,2,6.451612903225806
E02002576,25,3,12.0
E02002577,26,2,7.6923076923076925
E02002578,25,5,20.0
E02002579,25,1,4.0
E02002580,25,1,4.0
E02002581,23,3,13.043478260869565
E02002582,24,2,8.333333333333332
E02002583,27,1,3.7037037037037033
E02002584,24,2,8.333333333333332
E02002585,38,7,18.421052631578945
E02002586,31,0,0.0
E02002587,22,2,9.090909090909092
E02002588,25,2,8.0
E02002589,21,4,19.047619047619047
E02002590,22,3,13.636363636363635
E02002591,21,3,14.285714285714285
E02002592,20,3,15.0
E02002593,18,2,11.11111111111111
E02002594,19,5,26.31578947368421
E02002595,28,0,0.0
E02002596,28,5,17.857142857142858
E02002597,30,2,6.666666666666667
E02002598,34,6,17.647058823529413
E02002599,33,4,12.121212121212121
E02002600,32,5,15.625
E02002601,30,1,3.3333333333333335
E02002602,26,2,7.6923076923076925
E02002603,23,0,0.0
E02002604,24,1,4.166666666666666
E02002605,29,2,6.896551724137931
E02002606,40,5,12.5
E02002607,43,6,13.953488372093023
E02002608,29,1,3.4482758620689653
E02002609,31,7,22.58064516129032
E02002610,39,9,23.076923076923077
E02002611,25,1,4.0
E02002612,32,5,15.625
E02002613,21,3,14.285714285714285
E02002614,18,1,5.555555555555555
E02002615,32,3,9.375
E02002616,23,3,13.043478260869565
E02002617,22,0,0.0
E02002618,17,0,0.0
E02002619,24,0,0.0
E02002620,24,3,12.5
E02002621,23,0,0.0
E02002622,30,1,3.3333333333333335
E02002623,36,7,19.444444444444446
E02002624,27,3,11.11111111111111
E02002625,28,0,0.0
E02002626,24,2,8.333333333333332
E02002627,22,1,4.545454545454546
E02002628,24,4,16.666666666666664
E02002629,20,0,0.0
E02002630,20,3,15.0
E02002631,31,5,16.129032258064516
E02002632,20,3,15.0
E02002633,29,5,17.24137931034483
E02002634,32,2,6.25
E02002635,29,6,20.689655172413794
E02002636,28,0,0.0
E02002637,22,2,9.090909090909092
E02002638,23,1,4.3478260869565215
E02002639,22,1,4.545454545454546
E02002640,27,0,0.0
E02002641,28,8,28.57142857142857
E02002642,31,2,6.451612903225806
E02002643,28,3,10.714285714285714
E02002644,28,2,7.142857142857142
E02002645,19,0,0.0
E02002646,25,2,8.0
E02002647,29,1,3.4482758620689653
E02002648,25,4,16.0
E02002649,30,3,10.0
E02002650,28,7,25.0
E02002651,28,2,7.142857142857142
E02002653,27,0,0.0
E02002654,22,2,9.090909090909092
E02002655,28,0,0.0
E02002656,19,3,15.789473684210526
E02002657,25,2,8.0
E02002658,23,1,4.3478260869565215
E02002659,36,2,5.555555555555555
E02002660,24,0,0.0
E02002661,26,2,7.6923076923076925
E02002662,28,3,10.714285714285714
E02002663,21,3,14.285714285714285
E02002664,23,0,0.0
E02002665,25,1,4.0
E02002666,26,1,3.8461538461538463
E02002667,27,7,25.925925925925924
E02002668,27,0,0.0
E02002669,26,2,7.6923076923076925
E02002670,28,5,17.857142857142858
E02002671,27,6,22.22222222222222
E02002672,24,0,0.0
E02002673,26,6,23.076923076923077
E02002674,26,12,46.15384615384615
E02002675,30,5,16.666666666666664
E02002676,27,5,18.51851851851852
E02002677,30,4,13.333333333333334
E02002678,29,11,37.93103448275862
E02002679,27,2,7.4074074074074066
E02002680,35,1,2.857142857142857
E02002681,25,5,20.0
E02002682,32,2,6.25
E02002684,40,23,57.49999999999999
E02002685,30,13,43.333333333333336
E02002686,28,1,3.571428571428571
E02002687,20,3,15.0
E02002688,20,5,25.0
E02002689,19,7,36.84210526315789
E02002691,28,4,14.285714285714285
E02002692,28,7,25.0
E02002693,21,8,38.095238095238095
E02002694,42,13,30.952380952380953
E02002695,29,14,48.275862068965516
E02002696,21,2,9.523809523809524
E02002697,25,5,20.0
E02002698,27,7,25.925925925925924
E02002699,33,6,18.181818181818183
E02002700,22,2,9.090909090909092
E02002701,28,6,21.428571428571427
E02002702,37,13,35.13513513513514
E02002703,30,7,23.333333333333332
E02002704,26,5,19.230769230769234
E02002705,25,11,44.0
E02002706,24,3,12.5
E02002707,22,2,9.090909090909092
E02002708,22,6,27.27272727272727
E02002709,25,3,12.0
E02002710,25,5,20.0
E02002711,25,7,28.000000000000004
E02002712,24,6,25.0
E02002714,25,6,24.0
E02002715,46,10,21.73913043478261
E02002716,27,8,29.629629629629626
E02002717,28,10,35.714285714285715
E02002718,25,3,12.0
E02002719,20,5,25.0
E02002720,20,1,5.0
E02002721,21,5,23.809523809523807
E02002722,31,4,12.903225806451612
E02002723,28,9,32.142857142857146
E02002724,28,1,3.571428571428571
E02002725,23,4,17.391304347826086
E02002726,34,6,17.647058823529413
E02002727,20,0,0.0
E02002728,28,0,0.0
E02002729,20,1,5.0
E02002730,24,0,0.0
E02002731,20,0,0.0
E02002732,25,5,20.0
E02002733,21,1,4.761904761904762
E02002734,19,1,5.263157894736842
E02002736,18,0,0.0
E02002737,25,4,16.0
E02002738,24,3,12.5
E02002739,22,2,9.090909090909092
E02002740,20,2,10.0
E02002741,29,7,24.137931034482758
E02002743,21,5,23.809523809523807
E02002744,22,0,0.0
E02002745,24,10,41.66666666666667
E02002746,32,6,18.75
E02002747,31,8,25.806451612903224
E02002748,30,10,33.33333333333333
E02002749,36,11,30.555555555555557
E02002750,18,4,22.22222222222222
E02002751,21,3,14.285714285714285
E02002752,22,6,27.27272727272727
E02002753,31,12,38.70967741935484
E02002754,24,6,25.0
E02002755,24,1,4.166666666666666
E02002756,25,4,16.0
E02002757,20,1,5.0
E02002758,21,1,4.761904761904762
E02002759,31,14,45.16129032258064
E02002760,19,0,0.0
E02002761,23,7,30.434782608695656
E02002762,23,2,8.695652173913043
E02002763,30,7,23.333333333333332
E02002764,18,0,0.0
E02002765,20,2,10.0
E02002766,30,10,33.33333333333333
E02002767,23,8,34.78260869565217
E02002768,23,9,39.130434782608695
E02002769,22,9,40.909090909090914
E02002770,22,9,40.909090909090914
E02002771,21,9,42.857142857142854
E02002772,21,4,19.047619047619047
E02002773,20,7,35.0
E02002774,23,4,17.391304347826086
E02002775,20,5,25.0
E02002776,22,1,4.545454545454546
E02002777,27,3,11.11111111111111
E02002778,28,5,17.857142857142858
E02002779,32,9,28.125
E02002780,26,1,3.8461538461538463
E02002781,31,5,16.129032258064516
E02002782,20,5,25.0
E02002783,32,5,15.625
E02002784,43,6,13.953488372093023
E02002785,24,6,25.0
E02002786,30,0,0.0
E02002787,31,6,19.35483870967742
E02002788,32,2,6.25
E02002789,31,3,9.67741935483871
E02002790,36,4,11.11111111111111
E02002791,22,8,36.36363636363637
E02002792,27,2,7.4074074074074066
E02002793,33,13,39.39393939393939
E02002794,21,4,19.047619047619047
E02002795,27,5,18.51851851851852
E02002796,20,5,25.0
E02002797,25,8,32.0
E02002798,38,10,26.31578947368421
E02002799,21,5,23.809523809523807
E02002800,24,6,25.0
E02002801,25,3,12.0
E02002802,25,3,12.0
E02002803,27,4,14.814814814814813
E02002804,28,4,14.285714285714285
E02002805,20,7,35.0
E02002806,20,2,10.0
E02002807,29,4,13.793103448275861
E02002808,42,4,9.523809523809524
E02002809,24,2,8.333333333333332
E02002810,30,5,16.666666666666664
E02002811,25,1,4.0
E02002812,23,3,13.043478260869565
E02002813,28,1,3.571428571428571
E02002814,25,4,16.0
E02002815,18,0,0.0
E02002816,25,1,4.0
E02002817,20,1,5.0
E02002818,21,0,0.0
E02002819,27,2,7.4074074074074066
E02002820,30,1,3.3333333333333335
E02002821,32,2,6.25
E02002822,21,2,9.523809523809524
E02002823,26,4,15.384615384615385
E02002824,30,3,10.0
E02002825,28,6,21.428571428571427
E02002826,22,3,13.636363636363635
E02002827,21,2,9.523809523809524
E02002828,24,3,12.5
E02002829,33,6,18.181818181818183
E02002830,31,3,9.67741935483871
E02002831,19,0,0.0
E02002832,26,1,3.8461538461538463
E02002833,20,2,10.0
E02002834,35,2,5.714285714285714
E02002836,32,1,3.125
E02002837,22,0,0.0
E02002838,24,2,8.333333333333332
E02002839,24,2,8.333333333333332
E02002842,26,4,15.384615384615385
E02002843,36,1,2.7777777777777777
E02002844,29,2,6.896551724137931
E02002845,32,2,6.25
E02002846,24,3,12.5
E02002847,27,0,0.0
E02002848,26,0,0.0
E02002849,38,6,15.789473684210526
E02002851,22,0,0.0
E02002852,19,3,15.789473684210526
E02002853,30,0,0.0
E02002854,25,2,8.0
E02002855,24,1,4.166666666666666
E02002856,38,5,13.157894736842104
E02002857,22,5,22.727272727272727
E02002858,23,4,17.391304347826086
E02002860,27,5,18.51851851851852
E02002861,22,0,0.0
E02002862,30,1,3.3333333333333335
E02002863,25,9,36.0
E02002864,26,8,30.76923076923077
E02002865,26,8,30.76923076923077
E02002866,23,6,26.08695652173913
E02002867,28,8,28.57142857142857
E02002868,20,9,45.0
E02002869,26,0,0.0
E02002871,28,4,14.285714285714285
E02002872,30,0,0.0
E02002873,33,5,15.151515151515152
E02002874,26,3,11.538461538461538
E02002875,28,4,14.285714285714285
E02002876,25,4,16.0
E02002877,28,7,25.0
E02002878,24,0,0.0
E02002879,31,5,16.129032258064516
E02002880,26,1,3.8461538461538463
E02002881,23,1,4.3478260869565215
E02002882,30,4,13.333333333333334
E02002883,25,5,20.0
E02002884,20,1,5.0
E02002885,25,0,0.0
E02002886,28,3,10.714285714285714
E02002887,22,3,13.636363636363635
E02002888,25,5,20.0
E02002889,28,2,7.142857142857142
E02002890,32,3,9.375
E02002891,27,2,7.4074074074074066
E02002892,21,4,19.047619047619047
E02002893,39,0,0.0
E02002895,28,8,28.57142857142857
E02002896,30,3,10.0
E02002897,26,6,23.076923076923077
E02002898,30,7,23.333333333333332
E02002901,22,4,18.181818181818183
E02002902,29,2,6.896551724137931
E02002903,21,1,4.761904761904762
E02002904,21,2,9.523809523809524
E02002905,24,0,0.0
E02002906,20,6,30.0
E02002907,21,2,9.523809523809524
E02002908,34,4,11.76470588235294
E02002909,39,4,10.256410256410255
E02002910,28,2,7.142857142857142
E02002911,34,5,14.705882352941178
E02002912,22,4,18.181818181818183
E02002913,19,8,42.10526315789473
E02002914,34,6,17.647058823529413
E02002915,25,5,20.0
E02002916,33,3,9.090909090909092
E02002917,22,6,27.27272727272727
E02002918,20,2,10.0
E02002919,31,5,16.129032258064516
E02002920,20,5,25.0
E02002921,26,0,0.0
E02002922,25,3,12.0
E02002923,35,12,34.285714285714285
E02002924,23,0,0.0
E02002925,36,2,5.555555555555555
E02002926,38,11,28.947368421052634
E02002927,37,2,5.405405405405405
E02002928,18,2,11.11111111111111
E02002929,21,4,19.047619047619047
E02002930,22,9,40.909090909090914
E02002931,20,5,25.0
E02002932,29,1,3.4482758620689653
E02002933,28,3,10.714285714285714
E02002934,19,2,10.526315789473683
E02002935,22,2,9.090909090909092
E02002936,34,4,11.76470588235294
E02002937,33,9,27.27272727272727
E02002938,21,2,9.523809523809524
E02002939,26,1,3.8461538461538463
E02002940,20,2,10.0
E02002941,35,6,17.142857142857142
E02002942,22,3,13.636363636363635
E02002944,27,2,7.4074074074074066
E02002945,29,2,6.896551724137931
E02002946,27,0,0.0
E02002947,22,1,4.545454545454546
E02002948,21,0,0.0
E02002949,19,4,21.052631578947366
E02002950,20,2,10.0
E02002951,27,2,7.4074074074074066
E02002952,25,1,4.0
E02002953,25,2,8.0
E02002954,30,4,13.333333333333334
E02002955,22,4,18.181818181818183
E02002956,30,2,6.666666666666667
E02002957,33,8,24.242424242424242
E02002958,29,2,6.896551724137931
E02002959,30,3,10.0
E02002960,20,2,10.0
E02002961,22,1,4.545454545454546
E02002962,25,0,0.0
E02002963,28,4,14.285714285714285
E02002964,33,1,3.0303030303030303
E02002965,21,1,4.761904761904762
E02002966,33,5,15.151515151515152
E02002967,33,2,6.0606060606060606
E02002968,32,5,15.625
E02002969,30,6,20.0
E02002970,29,3,10.344827586206897
E02002973,28,2,7.142857142857142
E02002974,20,1,5.0
E02002975,25,1,4.0
E02002976,19,1,5.263157894736842
E02002977,22,2,9.090909090909092
E02002978,22,1,4.545454545454546
E02002979,18,2,11.11111111111111
E02002980,21,6,28.57142857142857
E02002981,25,2,8.0
E02002982,29,2,6.896551724137931
E02002983,19,5,26.31578947368421
E02002984,18,2,11.11111111111111
E02002985,21,7,33.33333333333333
E02002986,23,4,17.391304347826086
E02002987,18,4,22.22222222222222
E02002988,19,2,10.526315789473683
E02002989,19,4,21.052631578947366
E02002990,22,7,31.818181818181817
E02002991,46,14,30.434782608695656
E02002992,19,2,10.526315789473683
E02002993,21,2,9.523809523809524
E02002994,35,8,22.857142857142858
E02002995,19,0,0.0
E02002996,28,3,10.714285714285714
E02002997,26,2,7.6923076923076925
E02002998,18,3,16.666666666666664
E02002999,19,4,21.052631578947366
E02003000,32,7,21.875
E02003001,17,1,5.88235294117647
E02003002,22,3,13.636363636363635
E02003003,19,3,15.789473684210526
E02003004,23,4,17.391304347826086
E02003005,20,2,10.0
E02003006,29,8,27.586206896551722
E02003007,29,7,24.137931034482758
E02003008,18,4,22.22222222222222
E02003009,19,5,26.31578947368421
E02003010,19,3,15.789473684210526
E02003011,17,4,23.52941176470588
E02003012,36,4,11.11111111111111
E02003013,36,5,13.88888888888889
E02003014,26,1,3.8461538461538463
E02003015,21,3,14.285714285714285
E02003016,23,6,26.08695652173913
E02003017,21,5,23.809523809523807
E02003018,20,3,15.0
E02003019,31,3,9.67741935483871
E02003020,20,1,5.0
E02003021,19,1,5.263157894736842
E02003022,19,2,10.526315789473683
E02003023,21,3,14.285714285714285
E02003024,30,3,10.0
E02003025,22,5,22.727272727272727
E02003026,29,2,6.896551724137931
E02003027,38,8,21.052631578947366
E02003028,26,3,11.538461538461538
E02003029,19,1,5.263157894736842
E02003030,22,3,13.636363636363635
E02003031,30,4,13.333333333333334
E02003032,23,2,8.695652173913043
E02003033,28,4,14.285714285714285
E02003036,27,8,29.629629629629626
E02003037,31,6,19.35483870967742
E02003038,20,4,20.0
E02003039,26,7,26.923076923076923
E02003040,32,3,9.375
E02003041,22,6,27.27272727272727
E02003044,19,3,15.789473684210526
E02003045,21,1,4.761904761904762
E02003046,32,8,25.0
E02003047,33,3,9.090909090909092
E02003048,21,4,19.047619047619047
E02003049,25,4,16.0
E02003050,34,4,11.76470588235294
E02003051,19,2,10.526315789473683
E02003052,22,3,13.636363636363635
E02003053,25,9,36.0
E02003054,20,4,20.0
E02003055,25,3,12.0
E02003056,22,1,4.545454545454546
E02003057,18,3,16.666666666666664
E02003058,28,3,10.714285714285714
E02003059,20,1,5.0
E02003060,35,3,8.571428571428571
E02003061,19,0,0.0
E02003062,19,1,5.263157894736842
E02003063,24,2,8.333333333333332
E02003064,23,0,0.0
E02003065,35,10,28.57142857142857
E02003066,20,1,5.0
E02003067,25,6,24.0
E02003068,22,6,27.27272727272727
E02003069,19,5,26.31578947368421
E02003070,39,5,12.82051282051282
E02003071,26,3,11.538461538461538
E02003072,34,8,23.52941176470588
E02003073,21,1,4.761904761904762
E02003074,28,5,17.857142857142858
E02003075,18,4,22.22222222222222
E02003076,32,8,25.0
E02003077,20,4,20.0
E02003078,22,6,27.27272727272727
E02003079,31,6,19.35483870967742
E02003080,32,7,21.875
E02003081,34,11,32.35294117647059
E02003082,35,11,31.428571428571427
E02003084,35,2,5.714285714285714
E02003085,27,3,11.11111111111111
E02003086,21,4,19.047619047619047
E02003087,36,16,44.44444444444444
E02003088,30,8,26.666666666666668
E02003089,21,8,38.095238095238095
E02003090,28,5,17.857142857142858
E02003091,23,3,13.043478260869565
E02003092,28,2,7.142857142857142
E02003093,23,6,26.08695652173913
E02003094,27,2,7.4074074074074066
E02003095,28,4,14.285714285714285
E02003096,21,4,19.047619047619047
E02003097,24,1,4.166666666666666
E02003098,32,4,12.5
E02003099,23,3,13.043478260869565
E02003101,33,3,9.090909090909092
E02003102,20,1,5.0
E02003103,22,2,9.090909090909092
E02003104,25,5,20.0
E02003105,20,3,15.0
E02003107,33,1,3.0303030303030303
E02003108,41,5,12.195121951219512
E02003109,19,2,10.526315789473683
E02003110,35,5,14.285714285714285
E02003111,20,4,20.0
E02003112,20,2,10.0
E02003113,32,2,6.25
E02003114,23,5,21.73913043478261
E02003115,29,5,17.24137931034483
E02003116,25,4,16.0
E02003117,26,3,11.538461538461538
E02003118,30,8,26.666666666666668
E02003119,32,5,15.625
E02003120,28,3,10.714285714285714
E02003121,33,7,21.21212121212121
E02003122,23,11,47.82608695652174
E02003123,28,0,0.0
E02003124,27,6,22.22222222222222
E02003125,20,1,5.0
E02003126,27,4,14.814814814814813
E02003127,25,1,4.0
E02003128,31,7,22.58064516129032
E02003129,22,2,9.090909090909092
E02003130,35,5,14.285714285714285
E02003131,27,6,22.22222222222222
E02003132,27,3,11.11111111111111
E02003133,24,5,20.833333333333336
E02003134,23,2,8.695652173913043
E02003135,22,4,18.181818181818183
E02003136,24,6,25.0
E02003137,24,4,16.666666666666664
E02003138,25,10,40.0
E02003139,21,6,28.57142857142857
E02003140,25,2,8.0
E02003141,27,9,33.33333333333333
E02003142,31,6,19.35483870967742
E02003143,27,6,22.22222222222222
E02003144,24,5,20.833333333333336
E02003145,21,4,19.047619047619047
E02003146,28,4,14.285714285714285
E02003147,31,1,3.225806451612903
E02003148,34,3,8.823529411764707
E02003149,29,2,6.896551724137931
E02003151,28,10,35.714285714285715
E02003152,35,9,25.71428571428571
E02003153,26,8,30.76923076923077
E02003154,24,6,25.0
E02003155,19,4,21.052631578947366
E02003156,35,12,34.285714285714285
E02003157,22,5,22.727272727272727
E02003158,20,7,35.0
E02003159,20,6,30.0
E02003161,27,1,3.7037037037037033
E02003163,31,13,41.935483870967744
E02003164,31,14,45.16129032258064
E02003165,24,8,33.33333333333333
E02003166,40,7,17.5
E02003167,33,2,6.0606060606060606
E02003168,24,7,29.166666666666668
E02003169,25,18,72.0
E02003170,38,22,57.89473684210527
E02003171,27,10,37.03703703703704
E02003172,20,9,45.0
E02003173,22,7,31.818181818181817
E02003174,25,11,44.0
E02003175,29,10,34.48275862068966
E02003176,24,2,8.333333333333332
E02003177,25,5,20.0
E02003178,25,4,16.0
E02003179,22,4,18.181818181818183
E02003180,27,2,7.4074074074074066
E02003181,26,3,11.538461538461538
E02003182,20,1,5.0
E02003183,20,1,5.0
E02003184,25,1,4.0
E02003185,23,8,34.78260869565217
E02003186,26,1,3.8461538461538463
E02003187,28,6,21.428571428571427
E02003188,39,7,17.94871794871795
E02003189,27,5,18.51851851851852
E02003190,41,2,4.878048780487805
E02003191,28,11,39.285714285714285
E02003192,34,4,11.76470588235294
E02003194,20,6,30.0
E02003195,18,4,22.22222222222222
E02003196,33,11,33.33333333333333
E02003197,22,4,18.181818181818183
E02003198,24,3,12.5
E02003199,32,8,25.0
E02003200,32,11,34.375
E02003201,32,7,21.875
E02003202,20,4,20.0
E02003203,24,6,25.0
E02003204,28,3,10.714285714285714
E02003205,26,6,23.076923076923077
E02003206,30,7,23.333333333333332
E02003207,21,5,23.809523809523807
E02003208,38,6,15.789473684210526
E02003209,21,4,19.047619047619047
E02003210,33,9,27.27272727272727
E02003211,31,15,48.38709677419355
E02003212,29,5,17.24137931034483
E02003214,21,1,4.761904761904762
E02003215,24,5,20.833333333333336
E02003216,32,4,12.5
E02003217,23,5,21.73913043478261
E02003218,20,1,5.0
E02003219,39,4,10.256410256410255
E02003220,33,4,12.121212121212121
E02003221,21,1,4.761904761904762
E02003222,20,4,20.0
E02003223,37,6,16.216216216216218
E02003224,31,3,9.67741935483871
E02003225,21,5,23.809523809523807
E02003226,27,0,0.0
E02003227,21,2,9.523809523809524
E02003228,23,4,17.391304347826086
E02003229,18,4,22.22222222222222
E02003230,26,3,11.538461538461538
E02003231,25,1,4.0
E02003232,28,4,14.285714285714285
E02003233,30,2,6.666666666666667
E02003234,31,2,6.451612903225806
E02003235,31,4,12.903225806451612
E02003236,41,7,17.073170731707318
E02003237,19,7,36.84210526315789
E02003238,20,2,10.0
E02003239,28,9,32.142857142857146
E02003240,22,7,31.818181818181817
E02003241,20,4,20.0
E02003242,30,3,10.0
E02003243,36,5,13.88888888888889
E02003244,28,3,10.714285714285714
E02003245,24,2,8.333333333333332
E02003246,25,1,4.0
E02003247,26,6,23.076923076923077
E02003248,27,4,14.814814814814813
E02003249,36,5,13.88888888888889
E02003250,31,2,6.451612903225806
E02003251,24,3,12.5
E02003252,33,0,0.0
E02003253,33,2,6.0606060606060606
E02003254,32,11,34.375
E02003255,44,4,9.090909090909092
E02003257,29,6,20.689655172413794
E02003258,28,0,0.0
E02003259,21,1,4.761904761904762
E02003260,26,2,7.6923076923076925
E02003261,19,2,10.526315789473683
E02003262,32,4,12.5
E02003263,34,4,11.76470588235294
E02003264,26,2,7.6923076923076925
E02003265,28,4,14.285714285714285
E02003266,29,2,6.896551724137931
E02003267,33,0,0.0
E02003268,30,1,3.3333333333333335
E02003269,30,4,13.333333333333334
E02003270,25,3,12.0
E02003271,31,6,19.35483870967742
E02003272,25,0,0.0
E02003273,33,6,18.181818181818183
E02003274,28,2,7.142857142857142
E02003276,25,2,8.0
E02003277,31,3,9.67741935483871
E02003278,38,4,10.526315789473683
E02003279,32,6,18.75
E02003280,35,3,8.571428571428571
E02003281,33,5,15.151515151515152
E02003282,33,3,9.090909090909092
E02003283,33,4,12.121212121212121
E02003284,36,10,27.77777777777778
E02003285,35,1,2.857142857142857
E02003286,30,0,0.0
E02003287,33,4,12.121212121212121
E02003288,41,4,9.75609756097561
E02003289,36,9,25.0
E02003290,33,7,21.21212121212121
E02003291,39,5,12.82051282051282
E02003292,38,3,7.894736842105263
E02003293,38,9,23.684210526315788
E02003294,31,11,35.483870967741936
E02003295,31,4,12.903225806451612
E02003296,22,2,9.090909090909092
E02003297,24,0,0.0
E02003298,23,1,4.3478260869565215
E02003299,20,3,15.0
E02003300,27,6,22.22222222222222
E02003301,37,8,21.62162162162162
E02003302,31,1,3.225806451612903
E02003303,27,3,11.11111111111111
E02003304,29,3,10.344827586206897
E02003305,21,0,0.0
E02003307,31,6,19.35483870967742
E02003308,24,4,16.666666666666664
E02003309,25,5,20.0
E02003311,27,2,7.4074074074074066
E02003312,28,2,7.142857142857142
E02003313,40,6,15.0
E02003314,21,1,4.761904761904762
E02003315,17,3,17.647058823529413
E02003316,36,5,13.88888888888889
E02003317,20,0,0.0
E02003318,18,3,16.666666666666664
E02003319,24,6,25.0
E02003320,28,1,3.571428571428571
E02003321,20,1,5.0
E02003322,25,3,12.0
E02003323,22,7,31.818181818181817
E02003324,30,5,16.666666666666664
E02003325,22,2,9.090909090909092
E02003326,22,5,22.727272727272727
E02003327,24,3,12.5
E02003328,32,3,9.375
E02003329,20,1,5.0
E02003330,22,4,18.181818181818183
E02003331,29,3,10.344827586206897
E02003332,17,4,23.52941176470588
E02003333,21,1,4.761904761904762
E02003334,18,3,16.666666666666664
E02003335,21,3,14.285714285714285
E02003336,20,0,0.0
E02003337,22,5,22.727272727272727
E02003338,24,7,29.166666666666668
E02003339,19,3,15.789473684210526
E02003340,25,1,4.0
E02003341,20,2,10.0
E02003342,20,2,10.0
E02003343,19,5,26.31578947368421
E02003344,21,2,9.523809523809524
E02003345,19,2,10.526315789473683
E02003346,22,3,13.636363636363635
E02003347,19,3,15.789473684210526
E02003348,25,5,20.0
E02003349,25,6,24.0
E02003350,19,1,5.263157894736842
E02003351,25,4,16.0
E02003352,20,6,30.0
E02003353,38,11,28.947368421052634
E02003354,35,3,8.571428571428571
E02003355,22,4,18.181818181818183
E02003356,21,4,19.047619047619047
E02003357,33,4,12.121212121212121
E02003358,41,9,21.951219512195124
E02003359,24,5,20.833333333333336
E02003360,36,9,25.0
E02003361,26,7,26.923076923076923
E02003362,23,9,39.130434782608695
E02003363,20,3,15.0
E02003364,23,4,17.391304347826086
E02003365,23,3,13.043478260869565
E02003366,21,5,23.809523809523807
E02003367,18,6,33.33333333333333
E02003368,18,3,16.666666666666664
E02003369,19,6,31.57894736842105
E02003370,21,4,19.047619047619047
E02003371,21,1,4.761904761904762
E02003372,25,2,8.0
E02003373,24,4,16.666666666666664
E02003374,18,0,0.0
E02003375,21,5,23.809523809523807
E02003376,20,9,45.0
E02003377,29,8,27.586206896551722
E02003378,28,5,17.857142857142858
E02003379,19,3,15.789473684210526
E02003380,25,2,8.0
E02003381,18,2,11.11111111111111
E02003382,24,4,16.666666666666664
E02003383,21,3,14.285714285714285
E02003384,22,2,9.090909090909092
E02003385,39,11,28.205128205128204
E02003386,28,2,7.142857142857142
E02003387,28,6,21.428571428571427
E02003388,19,3,15.789473684210526
E02003389,25,2,8.0
E02003390,23,1,4.3478260869565215
E02003391,25,5,20.0
E02003392,29,2,6.896551724137931
E02003393,25,6,24.0
E02003394,25,6,24.0
E02003395,32,4,12.5
E02003396,33,3,9.090909090909092
E02003397,25,4,16.0
E02003398,32,3,9.375
E02003400,25,2,8.0
E02003401,28,5,17.857142857142858
E02003402,31,3,9.67741935483871
E02003403,29,5,17.24137931034483
E02003404,19,3,15.789473684210526
E02003405,39,5,12.82051282051282
E02003406,23,5,21.73913043478261
E02003407,30,4,13.333333333333334
E02003408,26,0,0.0
E02003409,32,5,15.625
E02003410,29,0,0.0
E02003411,30,0,0.0
E02003412,28,7,25.0
E02003414,38,3,7.894736842105263
E02003415,33,2,6.0606060606060606
E02003416,27,4,14.814814814814813
E02003417,37,2,5.405405405405405
E02003418,28,0,0.0
E02003419,25,1,4.0
E02003420,18,3,16.666666666666664
E02003421,17,4,23.52941176470588
E02003422,38,5,13.157894736842104
E02003423,19,4,21.052631578947366
E02003424,29,3,10.344827586206897
E02003425,39,7,17.94871794871795
E02003426,29,1,3.4482758620689653
E02003427,22,3,13.636363636363635
E02003428,27,3,11.11111111111111
E02003429,24,2,8.333333333333332
E02003430,21,2,9.523809523809524
E02003431,21,0,0.0
E02003432,22,5,22.727272727272727
E02003433,21,6,28.57142857142857
E02003434,27,2,7.4074074074074066
E02003435,22,2,9.090909090909092
E02003436,26,0,0.0
E02003437,22,2,9.090909090909092
E02003438,32,3,9.375
E02003439,20,2,10.0
E02003440,29,4,13.793103448275861
E02003441,23,3,13.043478260869565
E02003442,26,3,11.538461538461538
E02003443,22,3,13.636363636363635
E02003444,26,2,7.6923076923076925
E02003445,28,1,3.571428571428571
E02003446,26,1,3.8461538461538463
E02003447,29,2,6.896551724137931
E02003448,21,0,0.0
E02003449,26,4,15.384615384615385
E02003450,40,4,10.0
E02003451,31,7,22.58064516129032
E02003452,30,1,3.3333333333333335
E02003453,20,1,5.0
E02003454,28,3,10.714285714285714
E02003455,33,2,6.0606060606060606
E02003456,25,6,24.0
E02003457,29,1,3.4482758620689653
E02003458,24,0,0.0
E02003459,28,5,17.857142857142858
E02003460,37,8,21.62162162162162
E02003461,23,3,13.043478260869565
E02003462,26,6,23.076923076923077
E02003463,21,2,9.523809523809524
E02003464,19,2,10.526315789473683
E02003465,21,3,14.285714285714285
E02003466,23,2,8.695652173913043
E02003467,20,6,30.0
E02003468,29,4,13.793103448275861
E02003469,19,1,5.263157894736842
E02003470,18,1,5.555555555555555
E02003471,20,4,20.0
E02003472,33,3,9.090909090909092
E02003473,18,1,5.555555555555555
E02003474,26,4,15.384615384615385
E02003476,24,3,12.5
E02003478,20,2,10.0
E02003479,21,1,4.761904761904762
E02003480,25,0,0.0
E02003481,26,5,19.230769230769234
E02003482,28,4,14.285714285714285
E02003483,33,0,0.0
E02003484,23,2,8.695652173913043
E02003485,24,3,12.5
E02003486,29,2,6.896551724137931
E02003487,23,3,13.043478260869565
E02003488,23,3,13.043478260869565
E02003489,23,1,4.3478260869565215
E02003490,31,4,12.903225806451612
E02003491,25,1,4.0
E02003492,19,2,10.526315789473683
E02003493,26,5,19.230769230769234
E02003494,21,1,4.761904761904762
E02003495,25,4,16.0
E02003496,25,8,32.0
E02003497,23,4,17.391304347826086
E02003498,27,3,11.11111111111111
E02003499,23,3,13.043478260869565
E02003500,26,7,26.923076923076923
E02003501,28,7,25.0
E02003502,25,2,8.0
E02003503,27,3,11.11111111111111
E02003504,26,5,19.230769230769234
E02003505,30,7,23.333333333333332
E02003506,22,3,13.636363636363635
E02003507,31,6,19.35483870967742
E02003508,25,0,0.0
E02003509,33,6,18.181818181818183
E02003510,33,12,36.36363636363637
E02003511,25,1,4.0
E02003512,27,4,14.814814814814813
E02003513,22,0,0.0
E02003514,37,11,29.72972972972973
E02003515,31,2,6.451612903225806
E02003516,35,11,31.428571428571427
E02003517,38,3,7.894736842105263
E02003518,33,11,33.33333333333333
E02003519,37,10,27.027027027027028
E02003520,35,4,11.428571428571429
E02003521,32,9,28.125
E02003522,28,7,25.0
E02003523,36,15,41.66666666666667
E02003524,24,0,0.0
E02003525,20,1,5.0
E02003526,20,6,30.0
E02003527,20,3,15.0
E02003529,25,2,8.0
E02003530,23,3,13.043478260869565
E02003531,26,3,11.538461538461538
E02003532,25,2,8.0
E02003533,20,3,15.0
E02003534,28,6,21.428571428571427
E02003535,28,10,35.714285714285715
E02003536,24,3,12.5
E02003537,30,6,20.0
E02003538,33,2,6.0606060606060606
E02003540,32,8,25.0
E02003541,33,7,21.21212121212121
E02003542,28,3,10.714285714285714
E02003543,27,0,0.0
E02003544,22,4,18.181818181818183
E02003545,25,3,12.0
E02003546,29,2,6.896551724137931
E02003547,34,8,23.52941176470588
E02003548,22,3,13.636363636363635
E02003549,21,2,9.523809523809524
E02003550,26,3,11.538461538461538
E02003551,21,2,9.523809523809524
E02003552,20,2,10.0
E02003553,20,2,10.0
E02003554,21,1,4.761904761904762
E02003555,27,1,3.7037037037037033
E02003556,19,0,0.0
E02003557,24,2,8.333333333333332
E02003558,22,3,13.636363636363635
E02003559,24,2,8.333333333333332
E02003560,25,0,0.0
E02003561,25,1,4.0
E02003562,29,4,13.793103448275861
E02003563,26,0,0.0
E02003564,26,1,3.8461538461538463
E02003565,19,1,5.263157894736842
E02003566,21,5,23.809523809523807
E02003567,24,0,0.0
E02003568,29,1,3.4482758620689653
E02003569,24,2,8.333333333333332
E02003570,29,1,3.4482758620689653
E02003571,28,5,17.857142857142858
E02003572,19,3,15.789473684210526
E02003573,25,4,16.0
E02003574,26,3,11.538461538461538
E02003575,21,3,14.285714285714285
E02003576,26,6,23.076923076923077
E02003578,21,2,9.523809523809524
E02003579,33,3,9.090909090909092
E02003580,21,2,9.523809523809524
E02003581,28,11,39.285714285714285
E02003582,29,10,34.48275862068966
E02003583,24,13,54.166666666666664
E02003584,23,5,21.73913043478261
E02003585,24,15,62.5
E02003586,25,8,32.0
E02003587,26,5,19.230769230769234
E02003588,28,9,32.142857142857146
E02003589,24,3,12.5
E02003590,31,25,80.64516129032258
E02003591,30,6,20.0
E02003592,33,23,69.6969696969697
E02003593,18,2,11.11111111111111
E02003594,28,11,39.285714285714285
E02003595,28,20,71.42857142857143
E02003596,30,10,33.33333333333333
E02003597,18,2,11.11111111111111
E02003598,29,12,41.37931034482759
E02003599,16,1,6.25
E02003600,19,4,21.052631578947366
E02003601,25,8,32.0
E02003602,19,3,15.789473684210526
E02003603,36,10,27.77777777777778
E02003604,36,11,30.555555555555557
E02003605,31,2,6.451612903225806
E02003606,27,5,18.51851851851852
E02003607,34,9,26.47058823529412
E02003608,34,9,26.47058823529412
E02003609,35,9,25.71428571428571
E02003610,28,4,14.285714285714285
E02003611,28,6,21.428571428571427
E02003612,36,5,13.88888888888889
E02003613,17,0,0.0
E02003614,27,6,22.22222222222222
E02003615,30,3,10.0
E02003616,20,2,10.0
E02003617,28,6,21.428571428571427
E02003618,27,7,25.925925925925924
E02003619,34,4,11.76470588235294
E02003620,28,2,7.142857142857142
E02003621,27,3,11.11111111111111
E02003622,30,2,6.666666666666667
E02003623,38,2,5.263157894736842
E02003624,19,4,21.052631578947366
E02003625,33,4,12.121212121212121
E02003626,18,4,22.22222222222222
E02003627,37,2,5.405405405405405
E02003628,24,0,0.0
E02003629,31,3,9.67741935483871
E02003630,32,3,9.375
E02003631,17,2,11.76470588235294
E02003632,19,2,10.526315789473683
E02003633,24,2,8.333333333333332
E02003635,28,7,25.0
E02003636,23,2,8.695652173913043
E02003637,31,4,12.903225806451612
E02003638,23,2,8.695652173913043
E02003639,30,7,23.333333333333332
E02003640,20,6,30.0
E02003641,17,2,11.76470588235294
E02003642,28,3,10.714285714285714
E02003643,42,11,26.190476190476193
E02003644,31,4,12.903225806451612
E02003645,19,0,0.0
E02003646,31,2,6.451612903225806
E02003647,35,4,11.428571428571429
E02003648,17,0,0.0
E02003649,22,2,9.090909090909092
E02003650,25,6,24.0
E02003651,23,3,13.043478260869565
E02003652,32,8,25.0
E02003653,23,5,21.73913043478261
E02003654,16,5,31.25
E02003655,33,9,27.27272727272727
E02003656,22,7,31.818181818181817
E02003657,21,6,28.57142857142857
E02003658,29,2,6.896551724137931
E02003659,29,4,13.793103448275861
E02003660,34,5,14.705882352941178
E02003661,19,6,31.57894736842105
E02003662,21,4,19.047619047619047
E02003663,40,2,5.0
E02003664,24,4,16.666666666666664
E02003665,19,3,15.789473684210526
E02003666,25,2,8.0
E02003667,32,9,28.125
E02003668,28,2,7.142857142857142
E02003669,19,3,15.789473684210526
E02003670,29,1,3.4482758620689653
E02003671,19,2,10.526315789473683
E02003672,37,2,5.405405405405405
E02003673,29,3,10.344827586206897
E02003674,18,3,16.666666666666664
E02003675,30,7,23.333333333333332
E02003676,27,7,25.925925925925924
E02003677,28,5,17.857142857142858
E02003678,17,0,0.0
E02003679,23,3,13.043478260869565
E02003680,32,3,9.375
E02003681,30,3,10.0
E02003682,25,2,8.0
E02003683,21,1,4.761904761904762
E02003685,25,2,8.0
E02003686,22,3,13.636363636363635
E02003687,17,1,5.88235294117647
E02003688,33,4,12.121212121212121
E02003689,24,2,8.333333333333332
E02003690,23,2,8.695652173913043
E02003691,20,3,15.0
E02003692,26,3,11.538461538461538
E02003693,21,2,9.523809523809524
E02003694,26,8,30.76923076923077
E02003695,31,2,6.451612903225806
E02003696,30,6,20.0
E02003697,21,7,33.33333333333333
E02003698,26,2,7.6923076923076925
E02003699,18,4,22.22222222222222
E02003701,37,3,8.108108108108109
E02003702,26,5,19.230769230769234
E02003703,25,1,4.0
E02003704,18,4,22.22222222222222
E02003705,20,4,20.0
E02003706,20,5,25.0
E02003707,19,1,5.263157894736842
E02003708,23,1,4.3478260869565215
E02003709,18,4,22.22222222222222
E02003710,32,3,9.375
E02003711,30,3,10.0
E02003712,24,7,29.166666666666668
E02003713,19,1,5.263157894736842
E02003714,21,3,14.285714285714285
E02003715,21,1,4.761904761904762
E02003716,19,3,15.789473684210526
E02003717,29,7,24.137931034482758
E02003718,19,4,21.052631578947366
E02003719,32,3,9.375
E02003720,32,1,3.125
E02003721,28,11,39.285714285714285
E02003722,29,4,13.793103448275861
E02003723,27,2,7.4074074074074066
E02003724,31,2,6.451612903225806
E02003725,35,4,11.428571428571429
E02003726,27,3,11.11111111111111
E02003727,34,1,2.941176470588235
E02003728,34,2,5.88235294117647
E02003729,28,5,17.857142857142858
E02003731,32,4,12.5
E02003732,29,9,31.03448275862069
E02003733,24,4,16.666666666666664
E02003734,40,11,27.500000000000004
E02003735,27,4,14.814814814814813
E02003736,30,5,16.666666666666664
E02003737,40,9,22.5
E02003738,21,5,23.809523809523807
E02003739,19,4,21.052631578947366
E02003740,20,3,15.0
E02003742,21,6,28.57142857142857
E02003743,31,6,19.35483870967742
E02003744,43,12,27.906976744186046
E02003745,27,6,22.22222222222222
E02003746,24,5,20.833333333333336
E02003747,39,16,41.02564102564102
E02003748,25,4,16.0
E02003749,18,5,27.77777777777778
E02003750,23,11,47.82608695652174
E02003751,20,7,35.0
E02003752,32,9,28.125
E02003753,35,6,17.142857142857142
E02003754,19,3,15.789473684210526
E02003755,26,4,15.384615384615385
E02003756,24,4,16.666666666666664
E02003757,22,3,13.636363636363635
E02003758,30,6,20.0
E02003759,19,2,10.526315789473683
E02003760,26,5,19.230769230769234
E02003761,19,6,31.57894736842105
E02003762,36,7,19.444444444444446
E02003763,35,5,14.285714285714285
E02003764,31,7,22.58064516129032
E02003765,26,3,11.538461538461538
E02003766,24,9,37.5
E02003767,23,7,30.434782608695656
E02003768,32,5,15.625
E02003769,22,4,18.181818181818183
E02003770,35,7,20.0
E02003771,22,2,9.090909090909092
E02003772,22,3,13.636363636363635
E02003773,35,8,22.857142857142858
E02003774,18,2,11.11111111111111
E02003775,20,3,15.0
E02003776,20,4,20.0
E02003777,29,4,13.793103448275861
E02003778,21,3,14.285714285714285
E02003780,33,9,27.27272727272727
E02003781,20,3,15.0
E02003784,27,5,18.51851851851852
E02003785,29,5,17.24137931034483
E02003786,21,2,9.523809523809524
E02003787,24,7,29.166666666666668
E02003788,26,2,7.6923076923076925
E02003789,23,4,17.391304347826086
E02003790,29,3,10.344827586206897
E02003791,26,2,7.6923076923076925
E02003792,32,8,25.0
E02003793,27,8,29.629629629629626
E02003794,30,6,20.0
E02003795,20,4,20.0
E02003796,26,6,23.076923076923077
E02003797,34,4,11.76470588235294
E02003798,20,3,15.0
E02003799,25,1,4.0
E02003800,21,2,9.523809523809524
E02003801,23,2,8.695652173913043
E02003802,34,0,0.0
E02003803,30,6,20.0
E02003804,25,4,16.0
E02003805,21,2,9.523809523809524
E02003806,29,7,24.137931034482758
E02003807,30,3,10.0
E02003808,21,1,4.761904761904762
E02003809,30,4,13.333333333333334
E02003810,34,6,17.647058823529413
E02003811,26,8,30.76923076923077
E02003812,20,3,15.0
E02003813,20,1,5.0
E02003814,27,4,14.814814814814813
E02003815,23,4,17.391304347826086
E02003816,26,5,19.230769230769234
E02003817,24,9,37.5
E02003818,19,5,26.31578947368421
E02003819,21,10,47.61904761904761
E02003820,29,9,31.03448275862069
E02003821,20,6,30.0
E02003822,38,11,28.947368421052634
E02003823,24,5,20.833333333333336
E02003824,20,3,15.0
E02003825,19,1,5.263157894736842
E02003826,25,3,12.0
E02003827,32,2,6.25
E02003828,21,2,9.523809523809524
E02003829,19,4,21.052631578947366
E02003830,25,5,20.0
E02003831,32,3,9.375
E02003832,19,1,5.263157894736842
E02003833,21,2,9.523809523809524
E02003834,20,3,15.0
E02003835,25,3,12.0
E02003836,26,8,30.76923076923077
E02003838,25,1,4.0
E02003839,25,3,12.0
E02003840,34,4,11.76470588235294
E02003841,27,8,29.629629629629626
E02003842,19,6,31.57894736842105
E02003843,22,2,9.090909090909092
E02003844,24,6,25.0
E02003845,33,7,21.21212121212121
E02003846,24,1,4.166666666666666
E02003847,30,1,3.3333333333333335
E02003848,18,1,5.555555555555555
E02003849,26,5,19.230769230769234
E02003850,18,1,5.555555555555555
E02003851,19,0,0.0
E02003852,22,2,9.090909090909092
E02003853,20,5,25.0
E02003854,22,3,13.636363636363635
E02003855,21,5,23.809523809523807
E02003856,40,5,12.5
E02003857,21,0,0.0
E02003858,22,5,22.727272727272727
E02003859,39,9,23.076923076923077
E02003860,23,3,13.043478260869565
E02003861,23,4,17.391304347826086
E02003862,17,4,23.52941176470588
E02003863,23,0,0.0
E02003864,28,6,21.428571428571427
E02003865,26,4,15.384615384615385
E02003866,19,3,15.789473684210526
E02003867,25,4,16.0
E02003868,31,5,16.129032258064516
E02003869,24,4,16.666666666666664
E02003870,37,7,18.91891891891892
E02003871,24,2,8.333333333333332
E02003872,36,7,19.444444444444446
E02003873,20,1,5.0
E02003874,31,6,19.35483870967742
E02003875,21,5,23.809523809523807
E02003876,18,1,5.555555555555555
E02003877,33,10,30.303030303030305
E02003878,27,5,18.51851851851852
E02003879,30,6,20.0
E02003880,22,1,4.545454545454546
E02003881,21,4,19.047619047619047
E02003882,32,4,12.5
E02003883,37,5,13.513513513513514
E02003884,27,2,7.4074074074074066
E02003885,20,4,20.0
E02003886,19,2,10.526315789473683
E02003887,21,2,9.523809523809524
E02003888,22,0,0.0
E02003889,21,4,19.047619047619047
E02003890,22,5,22.727272727272727
E02003891,20,2,10.0
E02003892,22,6,27.27272727272727
E02003893,21,1,4.761904761904762
E02003894,27,10,37.03703703703704
E02003895,25,11,44.0
E02003896,19,7,36.84210526315789
E02003897,18,4,22.22222222222222
E02003898,22,0,0.0
E02003899,18,5,27.77777777777778
E02003900,24,8,33.33333333333333
E02003901,30,2,6.666666666666667
E02003902,18,3,16.666666666666664
E02003903,22,1,4.545454545454546
E02003904,21,9,42.857142857142854
E02003905,19,1,5.263157894736842
E02003906,18,0,0.0
E02003907,28,0,0.0
E02003908,28,7,25.0
E02003909,35,10,28.57142857142857
E02003910,24,6,25.0
E02003911,30,8,26.666666666666668
E02003912,30,3,10.0
E02003913,21,3,14.285714285714285
E02003914,24,9,37.5
E02003915,27,3,11.11111111111111
E02003916,22,4,18.181818181818183
E02003917,28,7,25.0
E02003918,24,10,41.66666666666667
E02003919,23,3,13.043478260869565
E02003920,22,5,22.727272727272727
E02003921,19,2,10.526315789473683
E02003922,26,4,15.384615384615385
E02003923,29,11,37.93103448275862
E02003924,24,5,20.833333333333336
E02003925,22,6,27.27272727272727
E02003926,24,1,4.166666666666666
E02003927,26,5,19.230769230769234
E02003928,38,13,34.21052631578947
E02003929,25,0,0.0
E02003930,30,0,0.0
E02003931,38,19,50.0
E02003932,23,3,13.043478260869565
E02003933,24,2,8.333333333333332
E02003934,23,1,4.3478260869565215
E02003935,32,8,25.0
E02003936,27,1,3.7037037037037033
E02003937,18,0,0.0
E02003938,24,2,8.333333333333332
E02003939,24,7,29.166666666666668
E02003940,20,0,0.0
E02003941,25,8,32.0
E02003942,26,4,15.384615384615385
E02003943,25,10,40.0
E02003944,33,9,27.27272727272727
E02003945,21,11,52.38095238095239
E02003946,32,2,6.25
E02003947,21,0,0.0
E02003948,30,6,20.0
E02003949,26,6,23.076923076923077
E02003950,19,2,10.526315789473683
E02003951,24,8,33.33333333333333
E02003952,31,15,48.38709677419355
E02003953,30,6,20.0
E02003954,23,5,21.73913043478261
E02003955,33,9,27.27272727272727
E02003956,23,1,4.3478260869565215
E02003957,33,8,24.242424242424242
E02003958,24,0,0.0
E02003959,24,5,20.833333333333336
E02003960,21,12,57.14285714285714
E02003961,30,11,36.666666666666664
E02003962,23,8,34.78260869565217
E02003963,35,10,28.57142857142857
E02003964,29,4,13.793103448275861
E02003965,35,5,14.285714285714285
E02003966,21,1,4.761904761904762
E02003967,26,3,11.538461538461538
E02003968,31,5,16.129032258064516
E02003969,22,2,9.090909090909092
E02003970,26,8,30.76923076923077
E02003971,28,9,32.142857142857146
E02003972,32,7,21.875
E02003973,31,2,6.451612903225806
E02003974,26,2,7.6923076923076925
E02003975,23,8,34.78260869565217
E02003976,25,9,36.0
E02003977,20,5,25.0
E02003978,21,9,42.857142857142854
E02003979,28,9,32.142857142857146
E02003980,25,3,12.0
E02003981,24,7,29.166666666666668
E02003982,25,3,12.0
E02003983,27,2,7.4074074074074066
E02003984,26,1,3.8461538461538463
E02003985,26,4,15.384615384615385
E02003986,24,1,4.166666666666666
E02003987,18,0,0.0
E02003988,23,4,17.391304347826086
E02003989,26,8,30.76923076923077
E02003990,36,8,22.22222222222222
E02003991,24,2,8.333333333333332
E02003992,32,6,18.75
E02003993,29,7,24.137931034482758
E02003994,26,8,30.76923076923077
E02003995,35,4,11.428571428571429
E02003996,33,10,30.303030303030305
E02003997,32,3,9.375
E02003998,24,0,0.0
E02003999,40,9,22.5
E02004000,17,1,5.88235294117647
E02004001,21,0,0.0
E02004002,33,2,6.0606060606060606
E02004003,42,6,14.285714285714285
E02004004,35,3,8.571428571428571
E02004005,28,2,7.142857142857142
E02004006,32,13,40.625
E02004007,36,6,16.666666666666664
E02004008,20,1,5.0
E02004009,18,0,0.0
E02004010,25,4,16.0
E02004011,33,8,24.242424242424242
E02004012,19,0,0.0
E02004013,34,5,14.705882352941178
E02004014,30,3,10.0
E02004015,25,8,32.0
E02004016,29,12,41.37931034482759
E02004017,32,6,18.75
E02004018,29,3,10.344827586206897
E02004019,27,8,29.629629629629626
E02004020,30,7,23.333333333333332
E02004021,20,2,10.0
E02004022,22,5,22.727272727272727
E02004023,21,7,33.33333333333333
E02004024,26,10,38.46153846153847
E02004025,27,13,48.148148148148145
E02004026,28,5,17.857142857142858
E02004027,28,16,57.14285714285714
E02004028,27,6,22.22222222222222
E02004029,24,3,12.5
E02004030,21,11,52.38095238095239
E02004031,25,0,0.0
E02004032,27,9,33.33333333333333
E02004033,30,8,26.666666666666668
E02004034,24,8,33.33333333333333
E02004035,22,6,27.27272727272727
E02004036,33,4,12.121212121212121
E02004037,25,5,20.0
E02004038,27,5,18.51851851851852
E02004039,25,4,16.0
E02004040,29,4,13.793103448275861
E02004041,21,5,23.809523809523807
E02004043,24,6,25.0
E02004044,29,4,13.793103448275861
E02004045,30,7,23.333333333333332
E02004046,22,3,13.636363636363635
E02004047,20,3,15.0
E02004048,22,3,13.636363636363635
E02004049,26,6,23.076923076923077
E02004050,25,6,24.0
E02004051,28,3,10.714285714285714
E02004052,26,6,23.076923076923077
E02004053,25,1,4.0
E02004054,29,5,17.24137931034483
E02004055,25,7,28.000000000000004
E02004056,24,1,4.166666666666666
E02004057,26,3,11.538461538461538
E02004058,30,4,13.333333333333334
E02004059,25,6,24.0
E02004060,23,4,17.391304347826086
E02004061,26,3,11.538461538461538
E02004062,29,6,20.689655172413794
E02004063,29,7,24.137931034482758
E02004064,33,4,12.121212121212121
E02004065,29,8,27.586206896551722
E02004066,40,5,12.5
E02004067,23,3,13.043478260869565
E02004068,26,10,38.46153846153847
E02004069,26,13,50.0
E02004072,29,8,27.586206896551722
E02004073,30,15,50.0
E02004074,20,8,40.0
E02004075,30,6,20.0
E02004076,22,6,27.27272727272727
E02004077,26,2,7.6923076923076925
E02004078,24,2,8.333333333333332
E02004080,33,2,6.0606060606060606
E02004081,19,4,21.052631578947366
E02004082,20,5,25.0
E02004083,27,2,7.4074074074074066
E02004084,22,1,4.545454545454546
E02004085,29,5,17.24137931034483
E02004086,24,6,25.0
E02004087,27,2,7.4074074074074066
E02004088,26,5,19.230769230769234
E02004089,25,9,36.0
E02004090,21,7,33.33333333333333
E02004091,31,2,6.451612903225806
E02004092,31,5,16.129032258064516
E02004093,21,6,28.57142857142857
E02004094,24,3,12.5
E02004095,35,16,45.714285714285715
E02004096,33,6,18.181818181818183
E02004097,26,3,11.538461538461538
E02004098,28,8,28.57142857142857
E02004100,27,8,29.629629629629626
E02004102,29,8,27.586206896551722
E02004103,22,6,27.27272727272727
E02004104,22,5,22.727272727272727
E02004105,30,3,10.0
E02004106,25,10,40.0
E02004108,26,3,11.538461538461538
E02004109,25,6,24.0
E02004110,25,4,16.0
E02004111,18,4,22.22222222222222
E02004112,24,13,54.166666666666664
E02004113,34,4,11.76470588235294
E02004114,26,10,38.46153846153847
E02004115,29,4,13.793103448275861
E02004116,30,5,16.666666666666664
E02004117,25,6,24.0
E02004118,24,1,4.166666666666666
E02004119,38,8,21.052631578947366
E02004120,35,3,8.571428571428571
E02004121,28,6,21.428571428571427
E02004122,20,4,20.0
E02004123,22,6,27.27272727272727
E02004124,24,4,16.666666666666664
E02004125,27,1,3.7037037037037033
E02004126,24,5,20.833333333333336
E02004128,34,2,5.88235294117647
E02004129,20,3,15.0
E02004130,21,8,38.095238095238095
E02004131,19,7,36.84210526315789
E02004132,25,0,0.0
E02004133,32,8,25.0
E02004135,27,11,40.74074074074074
E02004136,28,5,17.857142857142858
E02004137,19,6,31.57894736842105
E02004138,28,15,53.57142857142857
E02004139,24,10,41.66666666666667
E02004140,20,13,65.0
E02004141,19,6,31.57894736842105
E02004142,18,5,27.77777777777778
E02004143,21,8,38.095238095238095
E02004144,22,14,63.63636363636363
E02004145,23,19,82.6086956521739
E02004146,24,5,20.833333333333336
E02004147,24,5,20.833333333333336
E02004148,24,12,50.0
E02004149,23,7,30.434782608695656
E02004150,23,0,0.0
E02004151,29,6,20.689655172413794
E02004152,25,1,4.0
E02004153,25,4,16.0
E02004154,25,5,20.0
E02004155,27,6,22.22222222222222
E02004156,37,1,2.7027027027027026
E02004157,22,8,36.36363636363637
E02004158,25,4,16.0
E02004159,42,9,21.428571428571427
E02004160,24,2,8.333333333333332
E02004161,26,2,7.6923076923076925
E02004162,25,9,36.0
E02004163,30,9,30.0
E02004164,24,1,4.166666666666666
E02004165,29,13,44.827586206896555
E02004166,20,3,15.0
E02004167,23,6,26.08695652173913
E02004168,20,3,15.0
E02004169,22,8,36.36363636363637
E02004170,26,4,15.384615384615385
E02004171,30,10,33.33333333333333
E02004172,20,1,5.0
E02004173,25,2,8.0
E02004174,25,7,28.000000000000004
E02004175,18,3,16.666666666666664
E02004176,19,6,31.57894736842105
E02004177,18,3,16.666666666666664
E02004178,17,4,23.52941176470588
E02004179,30,10,33.33333333333333
E02004180,20,2,10.0
E02004181,19,2,10.526315789473683
E02004182,21,3,14.285714285714285
E02004183,20,11,55.00000000000001
E02004184,28,7,25.0
E02004185,21,12,57.14285714285714
E02004186,33,12,36.36363636363637
E02004187,33,4,12.121212121212121
E02004188,23,0,0.0
E02004189,19,4,21.052631578947366
E02004190,28,4,14.285714285714285
E02004191,31,8,25.806451612903224
E02004192,25,6,24.0
E02004193,36,6,16.666666666666664
E02004194,21,3,14.285714285714285
E02004195,21,9,42.857142857142854
E02004196,25,6,24.0
E02004197,24,12,50.0
E02004198,22,4,18.181818181818183
E02004199,21,0,0.0
E02004200,19,3,15.789473684210526
E02004201,19,1,5.263157894736842
E02004202,28,6,21.428571428571427
E02004203,19,4,21.052631578947366
E02004204,30,11,36.666666666666664
E02004205,27,10,37.03703703703704
E02004206,26,11,42.30769230769231
E02004207,21,10,47.61904761904761
E02004208,27,16,59.25925925925925
E02004209,31,9,29.03225806451613
E02004210,24,4,16.666666666666664
E02004211,22,13,59.09090909090909
E02004212,19,4,21.052631578947366
E02004213,28,6,21.428571428571427
E02004214,20,8,40.0
E02004215,18,4,22.22222222222222
E02004216,19,5,26.31578947368421
E02004217,25,12,48.0
E02004218,20,7,35.0
E02004219,18,7,38.88888888888889
E02004220,24,13,54.166666666666664
E02004221,21,16,76.19047619047619
E02004222,20,3,15.0
E02004223,39,9,23.076923076923077
E02004224,20,2,10.0
E02004225,19,3,15.789473684210526
E02004226,23,1,4.3478260869565215
E02004227,31,1,3.225806451612903
E02004228,24,0,0.0
E02004229,30,4,13.333333333333334
E02004230,24,3,12.5
E02004231,21,4,19.047619047619047
E02004232,21,0,0.0
E02004233,41,15,36.58536585365854
E02004234,21,1,4.761904761904762
E02004235,23,6,26.08695652173913
E02004236,21,12,57.14285714285714
E02004237,24,11,45.83333333333333
E02004238,26,13,50.0
E02004239,21,12,57.14285714285714
E02004240,21,2,9.523809523809524
E02004241,31,8,25.806451612903224
E02004242,24,17,70.83333333333334
E02004243,22,2,9.090909090909092
E02004244,25,9,36.0
E02004245,21,8,38.095238095238095
E02004246,26,14,53.84615384615385
E02004247,21,2,9.523809523809524
E02004248,26,21,80.76923076923077
E02004249,19,2,10.526315789473683
E02004250,28,16,57.14285714285714
E02004251,22,10,45.45454545454545
E02004252,30,14,46.666666666666664
E02004253,30,17,56.666666666666664
E02004254,33,9,27.27272727272727
E02004255,26,14,53.84615384615385
E02004256,31,1,3.225806451612903
E02004257,30,11,36.666666666666664
E02004258,35,11,31.428571428571427
E02004259,23,4,17.391304347826086
E02004260,27,9,33.33333333333333
E02004261,34,7,20.588235294117645
E02004262,28,4,14.285714285714285
E02004263,20,6,30.0
E02004264,26,9,34.61538461538461
E02004265,31,18,58.06451612903226
E02004266,25,11,44.0
E02004267,19,8,42.10526315789473
E02004268,36,19,52.77777777777778
E02004269,32,12,37.5
E02004270,28,0,0.0
E02004271,36,9,25.0
E02004272,41,5,12.195121951219512
E02004273,25,13,52.0
E02004274,23,10,43.47826086956522
E02004275,28,4,14.285714285714285
E02004276,20,9,45.0
E02004278,29,5,17.24137931034483
E02004279,28,9,32.142857142857146
E02004280,29,9,31.03448275862069
E02004281,27,7,25.925925925925924
E02004282,30,23,76.66666666666667
E02004283,30,7,23.333333333333332
E02004284,36,14,38.88888888888889
E02004285,27,10,37.03703703703704
E02004286,17,5,29.411764705882355
E02004287,18,2,11.11111111111111
E02004288,20,6,30.0
E02004289,24,5,20.833333333333336
E02004290,19,2,10.526315789473683
E02004291,27,1,3.7037037037037033
E02004292,27,4,14.814814814814813
E02004293,34,2,5.88235294117647
E02004294,28,7,25.0
E02004295,25,2,8.0
E02004296,27,4,14.814814814814813
E02004297,26,2,7.6923076923076925
E02004298,32,3,9.375
E02004299,27,4,14.814814814814813
E02004300,26,2,7.6923076923076925
E02004301,31,0,0.0
E02004302,27,1,3.7037037037037033
E02004303,37,7,18.91891891891892
E02004304,29,2,6.896551724137931
E02004305,34,4,11.76470588235294
E02004306,20,4,20.0
E02004307,23,4,17.391304347826086
E02004308,25,4,16.0
E02004309,20,4,20.0
E02004310,27,2,7.4074074074074066
E02004311,31,2,6.451612903225806
E02004312,27,6,22.22222222222222
E02004313,21,0,0.0
E02004314,22,4,18.181818181818183
E02004315,35,7,20.0
E02004316,23,2,8.695652173913043
E02004317,26,1,3.8461538461538463
E02004318,22,8,36.36363636363637
E02004319,26,5,19.230769230769234
E02004320,30,2,6.666666666666667
E02004321,27,5,18.51851851851852
E02004322,29,1,3.4482758620689653
E02004323,25,2,8.0
E02004324,20,1,5.0
E02004325,30,2,6.666666666666667
E02004326,21,2,9.523809523809524
E02004327,23,0,0.0
E02004328,25,2,8.0
E02004329,22,6,27.27272727272727
E02004330,24,2,8.333333333333332
E02004331,24,2,8.333333333333332
E02004332,26,3,11.538461538461538
E02004333,24,1,4.166666666666666
E02004334,24,1,4.166666666666666
E02004335,30,6,20.0
E02004336,26,2,7.6923076923076925
E02004337,37,6,16.216216216216218
E02004338,30,2,6.666666666666667
E02004339,26,6,23.076923076923077
E02004340,41,4,9.75609756097561
E02004341,30,6,20.0
E02004342,19,0,0.0
E02004343,20,1,5.0
E02004344,25,2,8.0
E02004345,47,8,17.02127659574468
E02004348,29,6,20.689655172413794
E02004349,32,3,9.375
E02004350,32,4,12.5
E02004351,26,1,3.8461538461538463
E02004352,26,1,3.8461538461538463
E02004353,26,3,11.538461538461538
E02004354,29,3,10.344827586206897
E02004355,25,2,8.0
E02004356,26,2,7.6923076923076925
E02004357,24,3,12.5
E02004358,28,5,17.857142857142858
E02004359,28,12,42.857142857142854
E02004361,27,7,25.925925925925924
E02004362,28,2,7.142857142857142
E02004363,25,9,36.0
E02004364,30,4,13.333333333333334
E02004365,28,1,3.571428571428571
E02004366,27,4,14.814814814814813
E02004367,27,10,37.03703703703704
E02004368,23,5,21.73913043478261
E02004369,33,15,45.45454545454545
E02004370,27,2,7.4074074074074066
E02004371,22,7,31.818181818181817
E02004372,24,3,12.5
E02004373,29,6,20.689655172413794
E02004374,27,7,25.925925925925924
E02004375,29,7,24.137931034482758
E02004376,26,5,19.230769230769234
E02004377,33,7,21.21212121212121
E02004378,38,10,26.31578947368421
E02004379,22,7,31.818181818181817
E02004380,32,4,12.5
E02004381,32,3,9.375
E02004382,22,4,18.181818181818183
E02004383,24,3,12.5
E02004384,25,4,16.0
E02004385,26,5,19.230769230769234
E02004386,24,6,25.0
E02004387,18,1,5.555555555555555
E02004388,22,5,22.727272727272727
E02004389,32,18,56.25
E02004390,27,15,55.55555555555556
E02004391,24,7,29.166666666666668
E02004392,27,7,25.925925925925924
E02004393,23,5,21.73913043478261
E02004394,24,10,41.66666666666667
E02004395,29,12,41.37931034482759
E02004396,31,17,54.83870967741935
E02004397,26,4,15.384615384615385
E02004398,28,1,3.571428571428571
E02004399,27,16,59.25925925925925
E02004400,39,29,74.35897435897436
E02004401,29,16,55.172413793103445
E02004402,34,8,23.52941176470588
E02004403,20,4,20.0
E02004404,19,5,26.31578947368421
E02004405,16,2,12.5
E02004406,23,7,30.434782608695656
E02004407,25,5,20.0
E02004408,26,0,0.0
E02004409,17,3,17.647058823529413
E02004410,23,2,8.695652173913043
E02004411,27,4,14.814814814814813
E02004412,26,6,23.076923076923077
E02004413,24,5,20.833333333333336
E02004414,18,2,11.11111111111111
E02004415,19,3,15.789473684210526
E02004416,20,1,5.0
E02004417,22,8,36.36363636363637
E02004418,17,5,29.411764705882355
E02004419,20,5,25.0
E02004420,46,16,34.78260869565217
E02004421,31,14,45.16129032258064
E02004422,34,13,38.23529411764706
E02004423,29,16,55.172413793103445
E02004424,22,3,13.636363636363635
E02004425,25,2,8.0
E02004426,25,3,12.0
E02004427,26,3,11.538461538461538
E02004428,21,4,19.047619047619047
E02004429,24,4,16.666666666666664
E02004430,24,4,16.666666666666664
E02004431,30,6,20.0
E02004432,21,3,14.285714285714285
E02004433,27,5,18.51851851851852
E02004434,28,5,17.857142857142858
E02004435,28,5,17.857142857142858
E02004436,25,0,0.0
E02004437,32,6,18.75
E02004438,29,6,20.689655172413794
E02004439,27,1,3.7037037037037033
E02004440,29,6,20.689655172413794
E02004441,26,4,15.384615384615385
E02004442,25,1,4.0
E02004443,32,4,12.5
E02004444,31,6,19.35483870967742
E02004445,27,2,7.4074074074074066
E02004446,22,1,4.545454545454546
E02004447,23,1,4.3478260869565215
E02004448,24,10,41.66666666666667
E02004449,28,6,21.428571428571427
E02004450,20,3,15.0
E02004451,29,6,20.689655172413794
E02004452,28,6,21.428571428571427
E02004453,24,2,8.333333333333332
E02004454,31,6,19.35483870967742
E02004455,22,3,13.636363636363635
E02004456,33,6,18.181818181818183
E02004457,31,3,9.67741935483871
E02004458,27,5,18.51851851851852
E02004459,33,7,21.21212121212121
E02004460,31,5,16.129032258064516
E02004461,18,2,11.11111111111111
E02004462,38,6,15.789473684210526
E02004463,27,4,14.814814814814813
E02004464,30,5,16.666666666666664
E02004465,21,5,23.809523809523807
E02004466,26,3,11.538461538461538
E02004467,24,3,12.5
E02004468,33,2,6.0606060606060606
E02004469,22,2,9.090909090909092
E02004470,39,7,17.94871794871795
E02004471,28,3,10.714285714285714
E02004472,21,2,9.523809523809524
E02004473,24,2,8.333333333333332
E02004474,24,2,8.333333333333332
E02004475,20,0,0.0
E02004476,24,3,12.5
E02004477,21,3,14.285714285714285
E02004478,21,6,28.57142857142857
E02004479,26,5,19.230769230769234
E02004480,21,6,28.57142857142857
E02004481,26,12,46.15384615384615
E02004482,27,8,29.629629629629626
E02004483,28,21,75.0
E02004484,28,16,57.14285714285714
E02004485,29,2,6.896551724137931
E02004486,28,4,14.285714285714285
E02004487,23,1,4.3478260869565215
E02004488,33,4,12.121212121212121
E02004489,27,3,11.11111111111111
E02004490,25,2,8.0
E02004491,24,6,25.0
E02004492,32,5,15.625
E02004493,31,6,19.35483870967742
E02004495,27,3,11.11111111111111
E02004496,26,2,7.6923076923076925
E02004497,25,7,28.000000000000004
E02004498,31,4,12.903225806451612
E02004499,22,3,13.636363636363635
E02004500,29,4,13.793103448275861
E02004501,24,3,12.5
E02004502,21,4,19.047619047619047
E02004503,26,4,15.384615384615385
E02004504,27,9,33.33333333333333
E02004505,21,2,9.523809523809524
E02004506,21,3,14.285714285714285
E02004507,38,6,15.789473684210526
E02004508,22,4,18.181818181818183
E02004512,42,4,9.523809523809524
E02004513,39,2,5.128205128205128
E02004514,18,3,16.666666666666664
E02004515,33,10,30.303030303030305
E02004516,40,8,20.0
E02004517,33,8,24.242424242424242
E02004518,27,5,18.51851851851852
E02004519,25,4,16.0
E02004520,28,4,14.285714285714285
E02004521,34,7,20.588235294117645
E02004522,27,9,33.33333333333333
E02004523,34,5,14.705882352941178
E02004524,29,7,24.137931034482758
E02004525,24,10,41.66666666666667
E02004526,26,15,57.692307692307686
E02004527,30,6,20.0
E02004528,27,4,14.814814814814813
E02004529,22,2,9.090909090909092
E02004530,22,5,22.727272727272727
E02004531,21,1,4.761904761904762
E02004532,23,6,26.08695652173913
E02004533,25,1,4.0
E02004534,29,6,20.689655172413794
E02004535,22,3,13.636363636363635
E02004536,20,2,10.0
E02004537,32,4,12.5
E02004538,28,2,7.142857142857142
E02004539,26,4,15.384615384615385
E02004540,19,2,10.526315789473683
E02004541,38,4,10.526315789473683
E02004542,20,3,15.0
E02004543,21,3,14.285714285714285
E02004544,35,6,17.142857142857142
E02004545,26,3,11.538461538461538
E02004546,27,3,11.11111111111111
E02004547,28,4,14.285714285714285
E02004548,29,10,34.48275862068966
E02004549,26,2,7.6923076923076925
E02004550,28,3,10.714285714285714
E02004551,25,2,8.0
E02004552,22,4,18.181818181818183
E02004553,24,1,4.166666666666666
E02004554,24,4,16.666666666666664
E02004555,18,1,5.555555555555555
E02004556,25,3,12.0
E02004557,26,6,23.076923076923077
E02004558,23,9,39.130434782608695
E02004559,27,4,14.814814814814813
E02004560,28,2,7.142857142857142
E02004561,32,7,21.875
E02004562,29,6,20.689655172413794
E02004563,22,1,4.545454545454546
E02004564,25,4,16.0
E02004566,19,1,5.263157894736842
E02004567,24,3,12.5
E02004568,27,6,22.22222222222222
E02004569,29,5,17.24137931034483
E02004570,28,1,3.571428571428571
E02004571,24,2,8.333333333333332
E02004572,25,5,20.0
E02004573,22,2,9.090909090909092
E02004574,25,2,8.0
E02004575,42,15,35.714285714285715
E02004576,31,9,29.03225806451613
E02004577,19,3,15.789473684210526
E02004578,27,16,59.25925925925925
E02004579,24,14,58.333333333333336
E02004580,44,37,84.0909090909091
E02004581,25,9,36.0
E02004582,26,18,69.23076923076923
E02004583,29,6,20.689655172413794
E02004584,26,25,96.15384615384616
E02004585,30,12,40.0
E02004586,28,11,39.285714285714285
E02004587,28,6,21.428571428571427
E02004588,24,1,4.166666666666666
E02004589,26,9,34.61538461538461
E02004590,31,15,48.38709677419355
E02004591,23,3,13.043478260869565
E02004592,44,9,20.454545454545457
E02004593,27,6,22.22222222222222
E02004594,23,7,30.434782608695656
E02004595,40,8,20.0
E02004596,30,9,30.0
E02004597,27,3,11.11111111111111
E02004598,32,8,25.0
E02004599,23,5,21.73913043478261
E02004600,19,3,15.789473684210526
E02004601,20,6,30.0
E02004602,22,0,0.0
E02004603,24,2,8.333333333333332
E02004604,26,2,7.6923076923076925
E02004605,20,2,10.0
E02004606,31,3,9.67741935483871
E02004607,39,9,23.076923076923077
E02004608,39,10,25.64102564102564
E02004609,24,6,25.0
E02004610,26,6,23.076923076923077
E02004611,41,7,17.073170731707318
E02004612,34,5,14.705882352941178
E02004613,22,4,18.181818181818183
E02004614,18,3,16.666666666666664
E02004615,28,14,50.0
E02004616,39,9,23.076923076923077
E02004617,31,11,35.483870967741936
E02004618,29,3,10.344827586206897
E02004619,26,1,3.8461538461538463
E02004620,26,4,15.384615384615385
E02004621,22,4,18.181818181818183
E02004622,28,7,25.0
E02004623,32,9,28.125
E02004624,20,7,35.0
E02004625,36,5,13.88888888888889
E02004626,27,0,0.0
E02004627,21,6,28.57142857142857
E02004628,24,2,8.333333333333332
E02004629,41,8,19.51219512195122
E02004630,20,3,15.0
E02004631,17,1,5.88235294117647
E02004632,34,10,29.411764705882355
E02004633,27,4,14.814814814814813
E02004634,37,7,18.91891891891892
E02004635,25,4,16.0
E02004636,25,2,8.0
E02004637,32,4,12.5
E02004638,18,1,5.555555555555555
E02004639,39,3,7.6923076923076925
E02004640,25,2,8.0
E02004641,26,3,11.538461538461538
E02004642,37,1,2.7027027027027026
E02004643,23,2,8.695652173913043
E02004644,29,2,6.896551724137931
E02004645,31,8,25.806451612903224
E02004646,31,4,12.903225806451612
E02004647,19,1,5.263157894736842
E02004648,20,2,10.0
E02004649,23,5,21.73913043478261
E02004650,47,19,40.42553191489361
E02004651,36,6,16.666666666666664
E02004652,21,8,38.095238095238095
E02004653,20,5,25.0
E02004654,36,6,16.666666666666664
E02004655,25,6,24.0
E02004656,36,8,22.22222222222222
E02004657,22,6,27.27272727272727
E02004658,21,6,28.57142857142857
E02004659,24,5,20.833333333333336
E02004660,21,7,33.33333333333333
E02004661,28,4,14.285714285714285
E02004662,20,4,20.0
E02004663,20,8,40.0
E02004664,23,4,17.391304347826086
E02004665,28,5,17.857142857142858
E02004666,38,9,23.684210526315788
E02004667,38,5,13.157894736842104
E02004668,31,7,22.58064516129032
E02004669,25,4,16.0
E02004671,21,3,14.285714285714285
E02004672,40,11,27.500000000000004
E02004673,27,8,29.629629629629626
E02004674,38,7,18.421052631578945
E02004675,25,0,0.0
E02004676,28,11,39.285714285714285
E02004677,23,13,56.52173913043478
E02004678,25,6,24.0
E02004679,34,5,14.705882352941178
E02004680,25,2,8.0
E02004681,46,4,8.695652173913043
E02004682,25,3,12.0
E02004683,26,3,11.538461538461538
E02004684,37,3,8.108108108108109
E02004685,28,2,7.142857142857142
E02004686,29,2,6.896551724137931
E02004687,23,2,8.695652173913043
E02004688,27,1,3.7037037037037033
E02004689,19,1,5.263157894736842
E02004690,25,6,24.0
E02004691,29,10,34.48275862068966
E02004692,24,6,25.0
E02004693,26,5,19.230769230769234
E02004694,24,4,16.666666666666664
E02004695,28,5,17.857142857142858
E02004696,24,4,16.666666666666664
E02004697,18,5,27.77777777777778
E02004698,21,5,23.809523809523807
E02004699,35,10,28.57142857142857
E02004700,21,4,19.047619047619047
E02004702,26,7,26.923076923076923
E02004703,42,5,11.904761904761903
E02004704,20,6,30.0
E02004705,26,7,26.923076923076923
E02004706,25,5,20.0
E02004707,34,8,23.52941176470588
E02004708,32,7,21.875
E02004709,29,7,24.137931034482758
E02004710,21,2,9.523809523809524
E02004712,27,3,11.11111111111111
E02004713,26,2,7.6923076923076925
E02004714,24,5,20.833333333333336
E02004715,28,7,25.0
E02004716,28,4,14.285714285714285
E02004717,39,5,12.82051282051282
E02004718,28,6,21.428571428571427
E02004719,37,8,21.62162162162162
E02004720,37,8,21.62162162162162
E02004721,37,11,29.72972972972973
E02004722,24,6,25.0
E02004723,31,10,32.25806451612903
E02004724,33,7,21.21212121212121
E02004725,18,6,33.33333333333333
E02004726,21,7,33.33333333333333
E02004727,28,1,3.571428571428571
E02004728,26,7,26.923076923076923
E02004729,23,4,17.391304347826086
E02004730,29,3,10.344827586206897
E02004731,25,6,24.0
E02004732,27,4,14.814814814814813
E02004733,27,9,33.33333333333333
E02004734,33,3,9.090909090909092
E02004735,26,10,38.46153846153847
E02004736,26,3,11.538461538461538
E02004737,23,4,17.391304347826086
E02004738,25,2,8.0
E02004739,24,8,33.33333333333333
E02004740,23,7,30.434782608695656
E02004741,25,5,20.0
E02004742,25,5,20.0
E02004743,24,2,8.333333333333332
E02004744,29,3,10.344827586206897
E02004745,29,10,34.48275862068966
E02004746,37,14,37.83783783783784
E02004747,23,6,26.08695652173913
E02004748,36,3,8.333333333333332
E02004749,24,3,12.5
E02004750,27,14,51.85185185185185
E02004751,26,10,38.46153846153847
E02004752,26,2,7.6923076923076925
E02004753,32,8,25.0
E02004754,24,7,29.166666666666668
E02004755,37,8,21.62162162162162
E02004756,30,6,20.0
E02004757,24,1,4.166666666666666
E02004758,28,1,3.571428571428571
E02004759,26,3,11.538461538461538
E02004760,31,3,9.67741935483871
E02004761,22,5,22.727272727272727
E02004764,27,6,22.22222222222222
E02004765,21,7,33.33333333333333
E02004766,21,3,14.285714285714285
E02004767,18,1,5.555555555555555
E02004768,18,5,27.77777777777778
E02004769,19,2,10.526315789473683
E02004770,22,0,0.0
E02004771,28,3,10.714285714285714
E02004772,30,5,16.666666666666664
E02004774,35,15,42.857142857142854
E02004775,32,7,21.875
E02004776,20,12,60.0
E02004777,19,12,63.1578947368421
E02004778,20,15,75.0
E02004779,38,6,15.789473684210526
E02004780,20,5,25.0
E02004781,25,9,36.0
E02004782,24,7,29.166666666666668
E02004783,23,3,13.043478260869565
E02004784,19,8,42.10526315789473
E02004785,20,6,30.0
E02004786,25,5,20.0
E02004787,26,12,46.15384615384615
E02004788,24,6,25.0
E02004789,34,7,20.588235294117645
E02004790,27,8,29.629629629629626
E02004791,17,5,29.411764705882355
E02004792,28,12,42.857142857142854
E02004793,23,5,21.73913043478261
E02004794,24,7,29.166666666666668
E02004795,31,11,35.483870967741936
E02004796,33,21,63.63636363636363
E02004797,27,5,18.51851851851852
E02004798,21,8,38.095238095238095
E02004799,28,15,53.57142857142857
E02004800,26,24,92.3076923076923
E02004801,29,23,79.3103448275862
E02004802,21,2,9.523809523809524
E02004803,22,3,13.636363636363635
E02004804,24,6,25.0
E02004805,28,2,7.142857142857142
E02004806,30,7,23.333333333333332
E02004807,32,4,12.5
E02004808,39,10,25.64102564102564
E02004809,28,3,10.714285714285714
E02004810,27,3,11.11111111111111
E02004811,28,1,3.571428571428571
E02004812,19,0,0.0
E02004813,20,2,10.0
E02004814,23,6,26.08695652173913
E02004815,23,1,4.3478260869565215
E02004817,23,4,17.391304347826086
E02004818,33,4,12.121212121212121
E02004819,23,2,8.695652173913043
E02004820,23,2,8.695652173913043
E02004821,20,4,20.0
E02004822,26,2,7.6923076923076925
E02004823,30,3,10.0
E02004824,20,10,50.0
E02004825,35,7,20.0
E02004826,29,7,24.137931034482758
E02004827,22,4,18.181818181818183
E02004828,22,5,22.727272727272727
E02004829,16,1,6.25
E02004830,21,4,19.047619047619047
E02004831,32,6,18.75
E02004832,28,6,21.428571428571427
E02004833,29,6,20.689655172413794
E02004834,26,2,7.6923076923076925
E02004835,34,4,11.76470588235294
E02004836,18,2,11.11111111111111
E02004837,26,3,11.538461538461538
E02004838,28,3,10.714285714285714
E02004839,26,3,11.538461538461538
E02004840,29,10,34.48275862068966
E02004841,37,13,35.13513513513514
E02004842,33,10,30.303030303030305
E02004843,21,1,4.761904761904762
E02004844,22,4,18.181818181818183
E02004845,26,4,15.384615384615385
E02004846,19,1,5.263157894736842
E02004847,33,5,15.151515151515152
E02004848,22,1,4.545454545454546
E02004849,18,2,11.11111111111111
E02004850,24,4,16.666666666666664
E02004851,18,4,22.22222222222222
E02004852,24,3,12.5
E02004853,20,4,20.0
E02004854,22,4,18.181818181818183
E02004855,27,5,18.51851851851852
E02004856,19,3,15.789473684210526
E02004857,17,5,29.411764705882355
E02004858,16,1,6.25
E02004859,17,3,17.647058823529413
E02004860,19,1,5.263157894736842
E02004861,21,8,38.095238095238095
E02004862,24,2,8.333333333333332
E02004863,24,1,4.166666666666666
E02004864,21,0,0.0
E02004865,18,2,11.11111111111111
E02004866,21,5,23.809523809523807
E02004867,19,2,10.526315789473683
E02004868,24,3,12.5
E02004869,17,4,23.52941176470588
E02004870,37,6,16.216216216216218
E02004871,16,4,25.0
E02004872,23,3,13.043478260869565
E02004873,36,6,16.666666666666664
E02004874,18,3,16.666666666666664
E02004875,30,6,20.0
E02004876,28,5,17.857142857142858
E02004877,18,4,22.22222222222222
E02004878,28,3,10.714285714285714
E02004880,32,2,6.25
E02004881,23,2,8.695652173913043
E02004882,24,1,4.166666666666666
E02004883,18,0,0.0
E02004884,33,5,15.151515151515152
E02004885,25,2,8.0
E02004886,19,4,21.052631578947366
E02004887,24,4,16.666666666666664
E02004888,28,7,25.0
E02004889,34,7,20.588235294117645
E02004890,27,5,18.51851851851852
E02004891,26,3,11.538461538461538
E02004892,19,2,10.526315789473683
E02004893,17,4,23.52941176470588
E02004894,35,7,20.0
E02004895,27,3,11.11111111111111
E02004896,25,6,24.0
E02004897,21,1,4.761904761904762
E02004898,24,2,8.333333333333332
E02004899,19,1,5.263157894736842
E02004900,25,1,4.0
E02004901,32,4,12.5
E02004902,24,2,8.333333333333332
E02004903,21,3,14.285714285714285
E02004904,21,2,9.523809523809524
E02004905,19,4,21.052631578947366
E02004906,30,2,6.666666666666667
E02004907,31,5,16.129032258064516
E02004908,31,2,6.451612903225806
E02004909,18,6,33.33333333333333
E02004910,35,6,17.142857142857142
E02004911,23,5,21.73913043478261
E02004912,34,8,23.52941176470588
E02004914,25,5,20.0
E02004915,19,4,21.052631578947366
E02004916,24,1,4.166666666666666
E02004917,22,2,9.090909090909092
E02004918,27,8,29.629629629629626
E02004919,25,4,16.0
E02004920,38,6,15.789473684210526
E02004921,24,4,16.666666666666664
E02004922,30,1,3.3333333333333335
E02004923,33,6,18.181818181818183
E02004924,22,0,0.0
E02004925,23,3,13.043478260869565
E02004926,24,4,16.666666666666664
E02004927,19,3,15.789473684210526
E02004928,21,0,0.0
E02004929,19,3,15.789473684210526
E02004930,22,3,13.636363636363635
E02004931,22,2,9.090909090909092
E02004932,21,2,9.523809523809524
E02004933,19,1,5.263157894736842
E02004934,24,2,8.333333333333332
E02004935,31,8,25.806451612903224
E02004936,17,0,0.0
E02004937,24,3,12.5
E02004939,20,2,10.0
E02004940,23,4,17.391304347826086
E02004941,30,6,20.0
E02004942,20,3,15.0
E02004943,25,3,12.0
E02004944,24,5,20.833333333333336
E02004945,34,6,17.647058823529413
E02004946,20,7,35.0
E02004948,21,4,19.047619047619047
E02004949,29,4,13.793103448275861
E02004950,22,9,40.909090909090914
E02004951,27,2,7.4074074074074066
E02004952,22,3,13.636363636363635
E02004953,20,1,5.0
E02004954,20,3,15.0
E02004955,19,5,26.31578947368421
E02004956,30,5,16.666666666666664
E02004957,32,6,18.75
E02004958,23,4,17.391304347826086
E02004959,19,2,10.526315789473683
E02004960,17,2,11.76470588235294
E02004961,28,6,21.428571428571427
E02004962,28,6,21.428571428571427
E02004963,23,2,8.695652173913043
E02004964,20,3,15.0
E02004965,22,3,13.636363636363635
E02004966,20,2,10.0
E02004967,24,4,16.666666666666664
E02004968,23,3,13.043478260869565
E02004969,21,3,14.285714285714285
E02004970,26,4,15.384615384615385
E02004971,24,5,20.833333333333336
E02004972,18,3,16.666666666666664
E02004973,23,2,8.695652173913043
E02004974,26,9,34.61538461538461
E02004975,23,3,13.043478260869565
E02004976,33,2,6.0606060606060606
E02004977,22,1,4.545454545454546
E02004978,28,2,7.142857142857142
E02004979,21,3,14.285714285714285
E02004980,18,1,5.555555555555555
E02004981,25,5,20.0
E02004982,20,6,30.0
E02004983,21,3,14.285714285714285
E02004984,23,3,13.043478260869565
E02004985,25,5,20.0
E02004986,29,5,17.24137931034483
E02004987,23,8,34.78260869565217
E02004988,24,6,25.0
E02004989,38,6,15.789473684210526
E02004990,23,5,21.73913043478261
E02004991,22,3,13.636363636363635
E02004992,25,2,8.0
E02004994,18,1,5.555555555555555
E02004995,17,3,17.647058823529413
E02004996,25,6,24.0
E02004997,27,8,29.629629629629626
E02004998,20,0,0.0
E02005000,36,2,5.555555555555555
E02005001,29,6,20.689655172413794
E02005002,31,3,9.67741935483871
E02005003,24,4,16.666666666666664
E02005004,33,7,21.21212121212121
E02005005,30,4,13.333333333333334
E02005006,18,3,16.666666666666664
E02005007,28,6,21.428571428571427
E02005008,31,15,48.38709677419355
E02005009,19,3,15.789473684210526
E02005010,27,7,25.925925925925924
E02005011,24,16,66.66666666666666
E02005012,29,8,27.586206896551722
E02005013,28,10,35.714285714285715
E02005014,28,14,50.0
E02005015,27,12,44.44444444444444
E02005016,25,10,40.0
E02005017,26,9,34.61538461538461
E02005018,28,14,50.0
E02005019,20,4,20.0
E02005020,23,4,17.391304347826086
E02005021,22,6,27.27272727272727
E02005022,23,7,30.434782608695656
E02005023,31,3,9.67741935483871
E02005025,28,2,7.142857142857142
E02005026,24,1,4.166666666666666
E02005027,19,5,26.31578947368421
E02005028,42,3,7.142857142857142
E02005029,48,11,22.916666666666664
E02005030,40,3,7.5
E02005031,27,6,22.22222222222222
E02005032,31,2,6.451612903225806
E02005033,24,1,4.166666666666666
E02005034,22,4,18.181818181818183
E02005035,26,5,19.230769230769234
E02005036,20,2,10.0
E02005037,22,8,36.36363636363637
E02005038,17,0,0.0
E02005039,21,2,9.523809523809524
E02005040,20,4,20.0
E02005041,20,5,25.0
E02005042,31,9,29.03225806451613
E02005043,25,5,20.0
E02005044,26,8,30.76923076923077
E02005045,28,3,10.714285714285714
E02005046,25,8,32.0
E02005047,26,7,26.923076923076923
E02005048,21,8,38.095238095238095
E02005049,24,18,75.0
E02005050,30,11,36.666666666666664
E02005051,41,7,17.073170731707318
E02005052,26,3,11.538461538461538
E02005053,27,6,22.22222222222222
E02005054,21,8,38.095238095238095
E02005055,26,3,11.538461538461538
E02005056,31,4,12.903225806451612
E02005057,33,5,15.151515151515152
E02005058,24,5,20.833333333333336
E02005059,30,3,10.0
E02005060,28,0,0.0
E02005061,23,0,0.0
E02005062,21,0,0.0
E02005063,20,2,10.0
E02005064,22,5,22.727272727272727
E02005065,26,1,3.8461538461538463
E02005066,25,4,16.0
E02005067,18,5,27.77777777777778
E02005068,21,4,19.047619047619047
E02005069,26,2,7.6923076923076925
E02005070,31,9,29.03225806451613
E02005071,38,3,7.894736842105263
E02005072,25,4,16.0
E02005073,36,4,11.11111111111111
E02005074,26,4,15.384615384615385
E02005075,32,3,9.375
E02005076,29,3,10.344827586206897
E02005077,23,5,21.73913043478261
E02005078,32,9,28.125
E02005079,27,2,7.4074074074074066
E02005080,36,0,0.0
E02005081,20,5,25.0
E02005082,36,8,22.22222222222222
E02005083,23,4,17.391304347826086
E02005084,21,5,23.809523809523807
E02005085,23,1,4.3478260869565215
E02005086,18,3,16.666666666666664
E02005087,22,3,13.636363636363635
E02005088,31,0,0.0
E02005089,22,3,13.636363636363635
E02005090,18,4,22.22222222222222
E02005091,24,5,20.833333333333336
E02005093,20,7,35.0
E02005094,31,3,9.67741935483871
E02005095,23,1,4.3478260869565215
E02005096,31,4,12.903225806451612
E02005097,26,1,3.8461538461538463
E02005098,29,4,13.793103448275861
E02005099,24,9,37.5
E02005100,29,4,13.793103448275861
E02005101,21,4,19.047619047619047
E02005102,22,7,31.818181818181817
E02005103,29,9,31.03448275862069
E02005104,26,2,7.6923076923076925
E02005105,24,6,25.0
E02005106,27,5,18.51851851851852
E02005107,39,10,25.64102564102564
E02005109,23,13,56.52173913043478
E02005110,23,9,39.130434782608695
E02005111,27,8,29.629629629629626
E02005112,25,12,48.0
E02005113,23,16,69.56521739130434
E02005114,19,5,26.31578947368421
E02005115,19,0,0.0
E02005116,20,0,0.0
E02005117,20,10,50.0
E02005118,36,5,13.88888888888889
E02005119,21,7,33.33333333333333
E02005120,23,10,43.47826086956522
E02005121,41,8,19.51219512195122
E02005122,23,2,8.695652173913043
E02005123,38,10,26.31578947368421
E02005124,27,6,22.22222222222222
E02005125,27,5,18.51851851851852
E02005126,24,4,16.666666666666664
E02005127,27,5,18.51851851851852
E02005128,29,4,13.793103448275861
E02005129,36,8,22.22222222222222
E02005130,30,9,30.0
E02005131,18,8,44.44444444444444
E02005132,31,6,19.35483870967742
E02005133,29,16,55.172413793103445
E02005134,26,4,15.384615384615385
E02005135,24,1,4.166666666666666
E02005136,25,3,12.0
E02005137,25,4,16.0
E02005138,29,5,17.24137931034483
E02005139,32,23,71.875
E02005140,27,15,55.55555555555556
E02005141,25,10,40.0
E02005142,25,5,20.0
E02005143,26,7,26.923076923076923
E02005144,27,1,3.7037037037037033
E02005145,28,8,28.57142857142857
E02005146,24,7,29.166666666666668
E02005147,32,5,15.625
E02005148,26,12,46.15384615384615
E02005149,39,8,20.51282051282051
E02005150,37,3,8.108108108108109
E02005151,39,2,5.128205128205128
E02005153,30,3,10.0
E02005154,36,5,13.88888888888889
E02005155,36,5,13.88888888888889
E02005156,24,2,8.333333333333332
E02005157,21,4,19.047619047619047
E02005158,20,2,10.0
E02005159,24,5,20.833333333333336
E02005160,41,10,24.390243902439025
E02005161,26,6,23.076923076923077
E02005162,33,8,24.242424242424242
E02005163,25,4,16.0
E02005164,29,3,10.344827586206897
E02005165,24,0,0.0
E02005166,20,4,20.0
E02005167,25,1,4.0
E02005168,23,3,13.043478260869565
E02005169,31,5,16.129032258064516
E02005170,30,3,10.0
E02005171,21,5,23.809523809523807
E02005172,24,10,41.66666666666667
E02005173,26,3,11.538461538461538
E02005174,25,7,28.000000000000004
E02005175,25,6,24.0
E02005176,28,6,21.428571428571427
E02005177,20,3,15.0
E02005178,31,0,0.0
E02005179,31,4,12.903225806451612
E02005180,24,2,8.333333333333332
E02005181,22,2,9.090909090909092
E02005182,22,0,0.0
E02005183,22,0,0.0
E02005184,18,7,38.88888888888889
E02005185,31,2,6.451612903225806
E02005186,20,2,10.0
E02005189,18,3,16.666666666666664
E02005190,21,7,33.33333333333333
E02005191,32,7,21.875
E02005192,26,3,11.538461538461538
E02005193,31,4,12.903225806451612
E02005194,28,6,21.428571428571427
E02005195,20,1,5.0
E02005196,38,5,13.157894736842104
E02005197,23,2,8.695652173913043
E02005198,29,2,6.896551724137931
E02005199,24,3,12.5
E02005200,29,2,6.896551724137931
E02005201,25,1,4.0
E02005202,31,8,25.806451612903224
E02005203,24,6,25.0
E02005204,38,7,18.421052631578945
E02005205,20,3,15.0
E02005206,28,4,14.285714285714285
E02005207,29,14,48.275862068965516
E02005208,39,7,17.94871794871795
E02005209,29,9,31.03448275862069
E02005210,37,15,40.54054054054054
E02005211,33,14,42.42424242424242
E02005212,38,7,18.421052631578945
E02005213,39,5,12.82051282051282
E02005214,24,3,12.5
E02005215,42,2,4.761904761904762
E02005216,18,1,5.555555555555555
E02005217,34,1,2.941176470588235
E02005218,25,2,8.0
E02005219,30,3,10.0
E02005220,21,2,9.523809523809524
E02005221,34,16,47.05882352941176
E02005222,23,5,21.73913043478261
E02005223,26,10,38.46153846153847
E02005224,20,7,35.0
E02005225,20,4,20.0
E02005226,29,2,6.896551724137931
E02005228,20,1,5.0
E02005229,23,1,4.3478260869565215
E02005230,25,5,20.0
E02005231,28,4,14.285714285714285
E02005233,24,2,8.333333333333332
E02005234,27,0,0.0
E02005235,18,0,0.0
E02005236,45,8,17.77777777777778
E02005237,36,8,22.22222222222222
E02005238,20,4,20.0
E02005239,22,5,22.727272727272727
E02005240,19,6,31.57894736842105
E02005241,20,6,30.0
E02005242,19,6,31.57894736842105
E02005245,23,4,17.391304347826086
E02005246,19,2,10.526315789473683
E02005247,35,9,25.71428571428571
E02005248,20,0,0.0
E02005249,32,1,3.125
E02005250,23,2,8.695652173913043
E02005251,22,2,9.090909090909092
E02005252,29,2,6.896551724137931
E02005253,21,3,14.285714285714285
E02005254,28,4,14.285714285714285
E02005255,32,5,15.625
E02005256,22,3,13.636363636363635
E02005257,22,1,4.545454545454546
E02005258,26,6,23.076923076923077
E02005259,32,3,9.375
E02005260,22,2,9.090909090909092
E02005261,29,3,10.344827586206897
E02005262,25,5,20.0
E02005263,21,1,4.761904761904762
E02005264,39,8,20.51282051282051
E02005265,37,5,13.513513513513514
E02005266,26,3,11.538461538461538
E02005267,15,0,0.0
E02005268,28,1,3.571428571428571
E02005269,33,0,0.0
E02005270,26,5,19.230769230769234
E02005271,26,7,26.923076923076923
E02005272,28,8,28.57142857142857
E02005273,21,6,28.57142857142857
E02005274,25,5,20.0
E02005275,20,5,25.0
E02005276,28,5,17.857142857142858
E02005277,30,7,23.333333333333332
E02005278,25,4,16.0
E02005279,33,9,27.27272727272727
E02005280,32,6,18.75
E02005281,28,7,25.0
E02005284,19,3,15.789473684210526
E02005285,21,4,19.047619047619047
E02005286,25,4,16.0
E02005287,17,0,0.0
E02005288,20,7,35.0
E02005289,21,4,19.047619047619047
E02005290,24,4,16.666666666666664
E02005291,20,4,20.0
E02005292,22,4,18.181818181818183
E02005293,21,4,19.047619047619047
E02005294,21,7,33.33333333333333
E02005295,26,4,15.384615384615385
E02005296,18,4,22.22222222222222
E02005297,27,7,25.925925925925924
E02005298,27,3,11.11111111111111
E02005299,26,6,23.076923076923077
E02005300,18,3,16.666666666666664
E02005301,22,5,22.727272727272727
E02005302,27,8,29.629629629629626
E02005303,21,0,0.0
E02005304,26,5,19.230769230769234
E02005305,24,7,29.166666666666668
E02005306,24,6,25.0
E02005307,29,5,17.24137931034483
E02005308,22,4,18.181818181818183
E02005309,29,5,17.24137931034483
E02005310,26,4,15.384615384615385
E02005311,20,5,25.0
E02005312,20,3,15.0
E02005313,28,1,3.571428571428571
E02005314,23,3,13.043478260869565
E02005315,26,5,19.230769230769234
E02005316,20,1,5.0
E02005317,23,2,8.695652173913043
E02005318,24,3,12.5
E02005319,33,3,9.090909090909092
E02005320,19,1,5.263157894736842
E02005321,22,9,40.909090909090914
E02005322,35,17,48.57142857142857
E02005323,25,5,20.0
E02005324,22,6,27.27272727272727
E02005325,32,13,40.625
E02005326,32,7,21.875
E02005327,20,7,35.0
E02005328,28,16,57.14285714285714
E02005329,32,4,12.5
E02005330,30,7,23.333333333333332
E02005331,30,8,26.666666666666668
E02005332,28,6,21.428571428571427
E02005334,19,2,10.526315789473683
E02005335,23,8,34.78260869565217
E02005336,23,1,4.3478260869565215
E02005337,30,5,16.666666666666664
E02005338,34,4,11.76470588235294
E02005339,27,5,18.51851851851852
E02005340,30,5,16.666666666666664
E02005341,23,2,8.695652173913043
E02005342,23,3,13.043478260869565
E02005343,23,5,21.73913043478261
E02005344,30,5,16.666666666666664
E02005345,22,3,13.636363636363635
E02005346,39,3,7.6923076923076925
E02005347,31,6,19.35483870967742
E02005348,20,2,10.0
E02005349,25,6,24.0
E02005350,23,8,34.78260869565217
E02005351,23,7,30.434782608695656
E02005352,18,2,11.11111111111111
E02005353,33,6,18.181818181818183
E02005354,33,12,36.36363636363637
E02005355,23,5,21.73913043478261
E02005356,22,3,13.636363636363635
E02005357,25,2,8.0
E02005358,39,9,23.076923076923077
E02005359,24,4,16.666666666666664
E02005360,22,2,9.090909090909092
E02005361,23,8,34.78260869565217
E02005362,22,1,4.545454545454546
E02005363,27,2,7.4074074074074066
E02005364,16,1,6.25
E02005365,30,4,13.333333333333334
E02005366,24,1,4.166666666666666
E02005368,24,4,16.666666666666664
E02005369,38,7,18.421052631578945
E02005370,29,5,17.24137931034483
E02005371,34,4,11.76470588235294
E02005372,32,8,25.0
E02005373,36,7,19.444444444444446
E02005374,21,4,19.047619047619047
E02005375,29,7,24.137931034482758
E02005376,35,7,20.0
E02005377,30,5,16.666666666666664
E02005378,17,4,23.52941176470588
E02005379,19,8,42.10526315789473
E02005380,29,7,24.137931034482758
E02005381,29,9,31.03448275862069
E02005382,33,6,18.181818181818183
E02005383,30,2,6.666666666666667
E02005384,22,6,27.27272727272727
E02005385,20,5,25.0
E02005386,30,9,30.0
E02005387,35,5,14.285714285714285
E02005388,19,1,5.263157894736842
E02005389,21,9,42.857142857142854
E02005390,33,8,24.242424242424242
E02005391,31,5,16.129032258064516
E02005392,29,8,27.586206896551722
E02005393,23,2,8.695652173913043
E02005394,29,5,17.24137931034483
E02005395,34,5,14.705882352941178
E02005396,22,3,13.636363636363635
E02005397,32,3,9.375
E02005398,18,4,22.22222222222222
E02005399,26,5,19.230769230769234
E02005400,19,6,31.57894736842105
E02005401,19,4,21.052631578947366
E02005402,20,4,20.0
E02005403,22,2,9.090909090909092
E02005404,26,8,30.76923076923077
E02005405,25,5,20.0
E02005406,22,6,27.27272727272727
E02005407,34,3,8.823529411764707
E02005408,27,7,25.925925925925924
E02005409,36,3,8.333333333333332
E02005412,28,8,28.57142857142857
E02005414,26,1,3.8461538461538463
E02005415,27,5,18.51851851851852
E02005416,33,9,27.27272727272727
E02005417,24,5,20.833333333333336
E02005418,31,4,12.903225806451612
E02005419,27,4,14.814814814814813
E02005420,27,5,18.51851851851852
E02005422,18,2,11.11111111111111
E02005423,35,7,20.0
E02005424,36,10,27.77777777777778
E02005425,24,2,8.333333333333332
E02005426,32,5,15.625
E02005427,25,14,56.00000000000001
E02005428,31,8,25.806451612903224
E02005429,22,15,68.18181818181817
E02005430,29,2,6.896551724137931
E02005431,31,4,12.903225806451612
E02005432,32,3,9.375
E02005433,23,3,13.043478260869565
E02005434,23,10,43.47826086956522
E02005435,28,9,32.142857142857146
E02005436,27,6,22.22222222222222
E02005437,22,4,18.181818181818183
E02005438,25,5,20.0
E02005439,39,21,53.84615384615385
E02005440,18,0,0.0
E02005441,29,1,3.4482758620689653
E02005442,21,0,0.0
E02005443,25,4,16.0
E02005444,44,5,11.363636363636363
E02005445,37,5,13.513513513513514
E02005446,24,3,12.5
E02005447,25,2,8.0
E02005448,25,5,20.0
E02005449,26,3,11.538461538461538
E02005450,30,11,36.666666666666664
E02005451,26,0,0.0
E02005452,37,5,13.513513513513514
E02005453,34,18,52.94117647058824
E02005455,42,11,26.190476190476193
E02005456,33,12,36.36363636363637
E02005457,26,9,34.61538461538461
E02005458,20,8,40.0
E02005459,28,3,10.714285714285714
E02005460,18,4,22.22222222222222
E02005461,22,7,31.818181818181817
E02005462,30,3,10.0
E02005463,30,4,13.333333333333334
E02005464,26,6,23.076923076923077
E02005465,28,8,28.57142857142857
E02005466,22,8,36.36363636363637
E02005467,24,9,37.5
E02005468,22,9,40.909090909090914
E02005469,26,6,23.076923076923077
E02005470,36,10,27.77777777777778
E02005471,27,5,18.51851851851852
E02005472,34,11,32.35294117647059
E02005473,28,7,25.0
E02005474,21,4,19.047619047619047
E02005475,22,6,27.27272727272727
E02005476,24,3,12.5
E02005477,27,9,33.33333333333333
E02005478,35,10,28.57142857142857
E02005479,33,8,24.242424242424242
E02005480,22,1,4.545454545454546
E02005481,40,8,20.0
E02005482,34,5,14.705882352941178
E02005483,24,3,12.5
E02005484,23,6,26.08695652173913
E02005485,27,12,44.44444444444444
E02005486,30,9,30.0
E02005487,29,5,17.24137931034483
E02005488,24,9,37.5
E02005489,23,10,43.47826086956522
E02005490,31,6,19.35483870967742
E02005491,40,8,20.0
E02005492,33,9,27.27272727272727
E02005493,31,10,32.25806451612903
E02005494,34,11,32.35294117647059
E02005495,35,5,14.285714285714285
E02005496,22,3,13.636363636363635
E02005497,25,3,12.0
E02005498,22,7,31.818181818181817
E02005499,25,5,20.0
E02005500,25,8,32.0
E02005501,27,12,44.44444444444444
E02005502,33,16,48.484848484848484
E02005503,24,1,4.166666666666666
E02005504,34,0,0.0
E02005505,25,4,16.0
E02005506,25,3,12.0
E02005507,39,17,43.58974358974359
E02005508,20,0,0.0
E02005509,30,13,43.333333333333336
E02005510,23,7,30.434782608695656
E02005511,29,13,44.827586206896555
E02005512,28,1,3.571428571428571
E02005513,35,12,34.285714285714285
E02005514,22,2,9.090909090909092
E02005515,20,3,15.0
E02005516,21,3,14.285714285714285
E02005517,18,1,5.555555555555555
E02005518,35,8,22.857142857142858
E02005519,27,3,11.11111111111111
E02005520,32,12,37.5
E02005521,29,0,0.0
E02005522,19,6,31.57894736842105
E02005523,27,3,11.11111111111111
E02005524,19,8,42.10526315789473
E02005525,33,11,33.33333333333333
E02005526,18,7,38.88888888888889
E02005527,28,13,46.42857142857143
E02005528,29,8,27.586206896551722
E02005529,21,2,9.523809523809524
E02005530,18,4,22.22222222222222
E02005531,19,2,10.526315789473683
E02005532,36,9,25.0
E02005533,27,4,14.814814814814813
E02005534,27,3,11.11111111111111
E02005535,23,5,21.73913043478261
E02005536,21,8,38.095238095238095
E02005537,19,6,31.57894736842105
E02005538,32,1,3.125
E02005539,26,1,3.8461538461538463
E02005540,34,16,47.05882352941176
E02005541,20,3,15.0
E02005542,22,1,4.545454545454546
E02005543,30,4,13.333333333333334
E02005544,23,3,13.043478260869565
E02005545,25,10,40.0
E02005546,29,2,6.896551724137931
E02005547,29,7,24.137931034482758
E02005548,25,2,8.0
E02005549,20,6,30.0
E02005550,28,11,39.285714285714285
E02005551,21,10,47.61904761904761
E02005552,29,0,0.0
E02005553,32,19,59.375
E02005554,24,9,37.5
E02005555,21,8,38.095238095238095
E02005556,24,6,25.0
E02005557,19,2,10.526315789473683
E02005558,23,0,0.0
E02005559,22,4,18.181818181818183
E02005560,26,3,11.538461538461538
E02005561,37,0,0.0
E02005562,26,2,7.6923076923076925
E02005563,23,2,8.695652173913043
E02005564,31,5,16.129032258064516
E02005565,22,2,9.090909090909092
E02005566,30,6,20.0
E02005567,38,22,57.89473684210527
E02005568,23,1,4.3478260869565215
E02005569,26,1,3.8461538461538463
E02005570,27,17,62.96296296296296
E02005571,26,5,19.230769230769234
E02005572,31,12,38.70967741935484
E02005573,23,6,26.08695652173913
E02005574,27,9,33.33333333333333
E02005575,28,1,3.571428571428571
E02005576,22,12,54.54545454545454
E02005577,21,1,4.761904761904762
E02005578,22,6,27.27272727272727
E02005580,27,12,44.44444444444444
E02005581,27,4,14.814814814814813
E02005582,24,0,0.0
E02005583,30,4,13.333333333333334
E02005584,35,3,8.571428571428571
E02005585,36,4,11.11111111111111
E02005586,37,2,5.405405405405405
E02005587,34,5,14.705882352941178
E02005588,38,4,10.526315789473683
E02005589,35,1,2.857142857142857
E02005592,32,2,6.25
E02005593,23,5,21.73913043478261
E02005594,41,2,4.878048780487805
E02005595,31,6,19.35483870967742
E02005596,34,0,0.0
E02005598,31,1,3.225806451612903
E02005599,24,7,29.166666666666668
E02005600,20,0,0.0
E02005601,22,12,54.54545454545454
E02005602,39,9,23.076923076923077
E02005603,39,16,41.02564102564102
E02005604,31,6,19.35483870967742
E02005605,33,9,27.27272727272727
E02005606,22,0,0.0
E02005607,36,6,16.666666666666664
E02005608,26,6,23.076923076923077
E02005609,27,6,22.22222222222222
E02005610,26,4,15.384615384615385
E02005611,37,14,37.83783783783784
E02005612,22,2,9.090909090909092
E02005613,30,6,20.0
E02005614,42,11,26.190476190476193
E02005615,32,6,18.75
E02005616,18,2,11.11111111111111
E02005617,33,6,18.181818181818183
E02005619,20,2,10.0
E02005620,27,5,18.51851851851852
E02005621,25,4,16.0
E02005622,31,3,9.67741935483871
E02005623,32,7,21.875
E02005624,36,3,8.333333333333332
E02005625,29,5,17.24137931034483
E02005626,22,1,4.545454545454546
E02005627,23,4,17.391304347826086
E02005628,27,6,22.22222222222222
E02005629,19,3,15.789473684210526
E02005630,33,6,18.181818181818183
E02005631,35,4,11.428571428571429
E02005632,20,4,20.0
E02005633,30,2,6.666666666666667
E02005634,24,3,12.5
E02005635,26,3,11.538461538461538
E02005636,37,8,21.62162162162162
E02005637,29,8,27.586206896551722
E02005638,32,5,15.625
E02005639,19,3,15.789473684210526
E02005640,36,9,25.0
E02005641,25,4,16.0
E02005642,25,4,16.0
E02005643,26,1,3.8461538461538463
E02005644,26,2,7.6923076923076925
E02005645,40,5,12.5
E02005646,22,1,4.545454545454546
E02005647,24,0,0.0
E02005648,28,5,17.857142857142858
E02005650,22,3,13.636363636363635
E02005651,23,2,8.695652173913043
E02005652,20,1,5.0
E02005653,25,3,12.0
E02005654,26,4,15.384615384615385
E02005655,20,3,15.0
E02005656,18,2,11.11111111111111
E02005657,22,3,13.636363636363635
E02005658,20,2,10.0
E02005659,18,1,5.555555555555555
E02005660,19,4,21.052631578947366
E02005661,20,3,15.0
E02005662,21,1,4.761904761904762
E02005663,18,3,16.666666666666664
E02005664,19,1,5.263157894736842
E02005665,26,1,3.8461538461538463
E02005666,25,3,12.0
E02005667,22,4,18.181818181818183
E02005668,22,2,9.090909090909092
E02005669,18,0,0.0
E02005670,31,3,9.67741935483871
E02005671,24,1,4.166666666666666
E02005672,22,1,4.545454545454546
E02005673,24,6,25.0
E02005674,29,2,6.896551724137931
E02005675,18,4,22.22222222222222
E02005676,18,1,5.555555555555555
E02005677,30,3,10.0
E02005679,29,3,10.344827586206897
E02005680,23,3,13.043478260869565
E02005681,28,2,7.142857142857142
E02005682,24,7,29.166666666666668
E02005683,46,6,13.043478260869565
E02005684,29,3,10.344827586206897
E02005685,33,6,18.181818181818183
E02005686,25,1,4.0
E02005687,20,5,25.0
E02005688,28,5,17.857142857142858
E02005689,34,7,20.588235294117645
E02005690,18,3,16.666666666666664
E02005691,20,4,20.0
E02005692,22,5,22.727272727272727
E02005693,25,0,0.0
E02005694,25,2,8.0
E02005695,30,9,30.0
E02005696,20,1,5.0
E02005697,24,1,4.166666666666666
E02005698,19,1,5.263157894736842
E02005699,25,0,0.0
E02005700,33,9,27.27272727272727
E02005701,36,3,8.333333333333332
E02005702,22,6,27.27272727272727
E02005703,24,2,8.333333333333332
E02005704,45,14,31.11111111111111
E02005705,31,2,6.451612903225806
E02005706,32,5,15.625
E02005707,25,6,24.0
E02005708,42,9,21.428571428571427
E02005709,24,1,4.166666666666666
E02005710,36,2,5.555555555555555
E02005711,30,1,3.3333333333333335
E02005712,30,4,13.333333333333334
E02005713,21,2,9.523809523809524
E02005715,32,5,15.625
E02005717,28,5,17.857142857142858
E02005718,24,3,12.5
E02005719,30,5,16.666666666666664
E02005720,39,7,17.94871794871795
E02005721,16,2,12.5
E02005722,30,3,10.0
E02005723,24,4,16.666666666666664
E02005724,22,1,4.545454545454546
E02005725,22,7,31.818181818181817
E02005726,25,3,12.0
E02005727,23,0,0.0
E02005728,25,3,12.0
E02005729,20,4,20.0
E02005730,43,6,13.953488372093023
E02005731,36,0,0.0
E02005733,26,1,3.8461538461538463
E02005734,21,3,14.285714285714285
E02005735,29,3,10.344827586206897
E02005736,31,4,12.903225806451612
E02005739,33,1,3.0303030303030303
E02005740,37,2,5.405405405405405
E02005741,28,4,14.285714285714285
E02005742,25,6,24.0
E02005744,26,9,34.61538461538461
E02005746,23,7,30.434782608695656
E02005747,24,6,25.0
E02005748,24,7,29.166666666666668
E02005749,32,7,21.875
E02005750,28,9,32.142857142857146
E02005751,30,14,46.666666666666664
E02005752,27,3,11.11111111111111
E02005754,25,8,32.0
E02005755,22,4,18.181818181818183
E02005756,25,5,20.0
E02005757,30,12,40.0
E02005758,32,5,15.625
E02005759,31,8,25.806451612903224
E02005760,23,7,30.434782608695656
E02005761,21,1,4.761904761904762
E02005762,19,7,36.84210526315789
E02005763,21,4,19.047619047619047
E02005764,35,10,28.57142857142857
E02005765,22,7,31.818181818181817
E02005766,21,4,19.047619047619047
E02005767,25,10,40.0
E02005768,20,3,15.0
E02005769,23,6,26.08695652173913
E02005770,34,8,23.52941176470588
E02005771,27,5,18.51851851851852
E02005772,19,3,15.789473684210526
E02005773,32,2,6.25
E02005774,31,10,32.25806451612903
E02005775,31,8,25.806451612903224
E02005776,29,4,13.793103448275861
E02005777,28,2,7.142857142857142
E02005778,21,8,38.095238095238095
E02005779,26,6,23.076923076923077
E02005780,35,6,17.142857142857142
E02005781,20,3,15.0
E02005782,30,6,20.0
E02005783,28,4,14.285714285714285
E02005784,18,5,27.77777777777778
E02005785,39,7,17.94871794871795
E02005786,23,1,4.3478260869565215
E02005787,32,5,15.625
E02005788,25,5,20.0
E02005789,38,14,36.84210526315789
E02005790,28,5,17.857142857142858
E02005791,24,0,0.0
E02005794,35,3,8.571428571428571
E02005795,27,5,18.51851851851852
E02005796,26,3,11.538461538461538
E02005797,21,6,28.57142857142857
E02005798,31,16,51.61290322580645
E02005799,33,12,36.36363636363637
E02005800,28,5,17.857142857142858
E02005801,19,3,15.789473684210526
E02005802,26,5,19.230769230769234
E02005803,32,9,28.125
E02005804,31,4,12.903225806451612
E02005805,28,6,21.428571428571427
E02005806,27,5,18.51851851851852
E02005807,21,10,47.61904761904761
E02005808,41,20,48.78048780487805
E02005809,27,8,29.629629629629626
E02005810,29,6,20.689655172413794
E02005811,30,5,16.666666666666664
E02005812,35,11,31.428571428571427
E02005813,44,10,22.727272727272727
E02005814,23,5,21.73913043478261
E02005815,27,7,25.925925925925924
E02005816,26,8,30.76923076923077
E02005817,24,5,20.833333333333336
E02005818,29,5,17.24137931034483
E02005819,21,6,28.57142857142857
E02005820,20,4,20.0
E02005821,22,3,13.636363636363635
E02005822,30,4,13.333333333333334
E02005823,24,1,4.166666666666666
E02005824,33,6,18.181818181818183
E02005825,25,6,24.0
E02005826,20,0,0.0
E02005827,29,5,17.24137931034483
E02005828,26,7,26.923076923076923
E02005829,23,7,30.434782608695656
E02005830,21,3,14.285714285714285
E02005831,35,7,20.0
E02005832,31,8,25.806451612903224
E02005833,24,2,8.333333333333332
E02005834,28,2,7.142857142857142
E02005835,35,8,22.857142857142858
E02005836,29,12,41.37931034482759
E02005837,21,5,23.809523809523807
E02005838,29,7,24.137931034482758
E02005839,22,3,13.636363636363635
E02005840,31,1,3.225806451612903
E02005842,29,6,20.689655172413794
E02005843,22,1,4.545454545454546
E02005844,28,3,10.714285714285714
E02005846,22,2,9.090909090909092
E02005847,22,5,22.727272727272727
E02005848,24,4,16.666666666666664
E02005849,34,3,8.823529411764707
E02005850,23,7,30.434782608695656
E02005851,21,1,4.761904761904762
E02005852,26,10,38.46153846153847
E02005853,31,4,12.903225806451612
E02005856,24,4,16.666666666666664
E02005857,22,0,0.0
E02005858,26,1,3.8461538461538463
E02005859,31,5,16.129032258064516
E02005860,34,5,14.705882352941178
E02005861,20,2,10.0
E02005862,27,1,3.7037037037037033
E02005863,24,4,16.666666666666664
E02005864,26,2,7.6923076923076925
E02005865,30,8,26.666666666666668
E02005866,31,9,29.03225806451613
E02005868,26,5,19.230769230769234
E02005869,20,1,5.0
E02005870,23,4,17.391304347826086
E02005871,23,6,26.08695652173913
E02005872,21,9,42.857142857142854
E02005873,33,5,15.151515151515152
E02005874,30,5,16.666666666666664
E02005875,27,5,18.51851851851852
E02005876,30,4,13.333333333333334
E02005877,24,6,25.0
E02005878,35,5,14.285714285714285
E02005879,26,4,15.384615384615385
E02005880,20,4,20.0
E02005881,21,4,19.047619047619047
E02005882,27,8,29.629629629629626
E02005883,25,1,4.0
E02005884,21,1,4.761904761904762
E02005885,29,4,13.793103448275861
E02005886,38,9,23.684210526315788
E02005887,33,7,21.21212121212121
E02005888,28,4,14.285714285714285
E02005889,35,5,14.285714285714285
E02005890,21,1,4.761904761904762
E02005891,21,3,14.285714285714285
E02005892,42,16,38.095238095238095
E02005893,39,9,23.076923076923077
E02005894,36,13,36.11111111111111
E02005895,28,4,14.285714285714285
E02005896,27,8,29.629629629629626
E02005897,29,7,24.137931034482758
E02005898,37,14,37.83783783783784
E02005899,38,4,10.526315789473683
E02005900,23,10,43.47826086956522
E02005901,29,5,17.24137931034483
E02005902,27,4,14.814814814814813
E02005903,37,7,18.91891891891892
E02005904,31,8,25.806451612903224
E02005905,20,8,40.0
E02005906,22,6,27.27272727272727
E02005907,34,14,41.17647058823529
E02005908,31,7,22.58064516129032
E02005909,25,2,8.0
E02005910,29,5,17.24137931034483
E02005911,28,5,17.857142857142858
E02005912,29,0,0.0
E02005913,26,2,7.6923076923076925
E02005914,26,5,19.230769230769234
E02005915,19,5,26.31578947368421
E02005916,26,6,23.076923076923077
E02005917,19,8,42.10526315789473
E02005918,18,7,38.88888888888889
E02005919,24,5,20.833333333333336
E02005920,26,7,26.923076923076923
E02005921,23,1,4.3478260869565215
E02005922,30,7,23.333333333333332
E02005923,18,3,16.666666666666664
E02005924,44,4,9.090909090909092
E02005925,25,1,4.0
E02005926,28,5,17.857142857142858
E02005927,19,2,10.526315789473683
E02005928,32,8,25.0
E02005929,22,2,9.090909090909092
E02005930,29,9,31.03448275862069
E02005931,31,5,16.129032258064516
E02005932,20,2,10.0
E02005933,24,1,4.166666666666666
E02005934,29,5,17.24137931034483
E02005935,27,4,14.814814814814813
E02005936,38,9,23.684210526315788
E02005937,22,0,0.0
E02005938,17,1,5.88235294117647
E02005939,20,5,25.0
E02005940,20,6,30.0
E02005941,23,3,13.043478260869565
E02005942,20,2,10.0
E02005943,22,0,0.0
E02005944,23,5,21.73913043478261
E02005945,32,4,12.5
E02005946,25,1,4.0
E02005947,25,3,12.0
E02005948,24,2,8.333333333333332
E02005949,20,1,5.0
E02005950,31,1,3.225806451612903
E02005951,20,1,5.0
E02005953,17,1,5.88235294117647
E02005954,30,2,6.666666666666667
E02005955,29,2,6.896551724137931
E02005956,18,4,22.22222222222222
E02005957,21,1,4.761904761904762
E02005958,18,3,16.666666666666664
E02005959,19,1,5.263157894736842
E02005960,23,5,21.73913043478261
E02005961,23,6,26.08695652173913
E02005962,27,12,44.44444444444444
E02005963,28,4,14.285714285714285
E02005964,24,4,16.666666666666664
E02005965,18,4,22.22222222222222
E02005966,24,4,16.666666666666664
E02005967,27,3,11.11111111111111
E02005968,25,6,24.0
E02005969,30,8,26.666666666666668
E02005970,17,2,11.76470588235294
E02005971,19,0,0.0
E02005972,38,6,15.789473684210526
E02005973,21,5,23.809523809523807
E02005974,20,2,10.0
E02005975,26,3,11.538461538461538
E02005976,18,3,16.666666666666664
E02005977,18,3,16.666666666666664
E02005978,24,2,8.333333333333332
E02005979,30,2,6.666666666666667
E02005980,37,3,8.108108108108109
E02005981,29,1,3.4482758620689653
E02005982,19,3,15.789473684210526
E02005983,36,5,13.88888888888889
E02005984,30,8,26.666666666666668
E02005985,24,1,4.166666666666666
E02005986,30,9,30.0
E02005987,26,0,0.0
E02005988,29,6,20.689655172413794
E02005991,32,3,9.375
E02005992,41,10,24.390243902439025
E02005993,22,6,27.27272727272727
E02005994,22,2,9.090909090909092
E02005995,21,4,19.047619047619047
E02005996,29,3,10.344827586206897
E02005997,21,9,42.857142857142854
E02005998,19,3,15.789473684210526
E02005999,21,3,14.285714285714285
E02006000,40,5,12.5
E02006001,22,5,22.727272727272727
E02006002,36,4,11.11111111111111
E02006003,17,3,17.647058823529413
E02006004,22,4,18.181818181818183
E02006005,32,12,37.5
E02006006,18,4,22.22222222222222
E02006007,22,5,22.727272727272727
E02006008,33,9,27.27272727272727
E02006009,23,8,34.78260869565217
E02006010,36,15,41.66666666666667
E02006011,20,6,30.0
E02006012,21,5,23.809523809523807
E02006013,27,5,18.51851851851852
E02006014,30,3,10.0
E02006015,32,6,18.75
E02006016,21,1,4.761904761904762
E02006017,25,6,24.0
E02006018,39,11,28.205128205128204
E02006019,20,10,50.0
E02006020,20,4,20.0
E02006021,24,4,16.666666666666664
E02006022,18,2,11.11111111111111
E02006023,31,6,19.35483870967742
E02006024,31,3,9.67741935483871
E02006025,30,8,26.666666666666668
E02006026,20,2,10.0
E02006027,18,1,5.555555555555555
E02006028,30,4,13.333333333333334
E02006029,26,0,0.0
E02006030,25,5,20.0
E02006031,27,4,14.814814814814813
E02006032,29,1,3.4482758620689653
E02006033,30,6,20.0
E02006034,34,6,17.647058823529413
E02006035,20,9,45.0
E02006036,25,10,40.0
E02006037,31,8,25.806451612903224
E02006038,27,6,22.22222222222222
E02006039,25,5,20.0
E02006040,25,1,4.0
E02006041,20,0,0.0
E02006042,21,10,47.61904761904761
E02006043,22,1,4.545454545454546
E02006044,21,0,0.0
E02006045,37,17,45.94594594594595
E02006046,27,1,3.7037037037037033
E02006047,28,7,25.0
E02006048,23,2,8.695652173913043
E02006049,25,8,32.0
E02006050,28,6,21.428571428571427
E02006051,26,9,34.61538461538461
E02006052,26,4,15.384615384615385
E02006053,34,5,14.705882352941178
E02006054,32,8,25.0
E02006055,28,2,7.142857142857142
E02006056,25,2,8.0
E02006057,28,12,42.857142857142854
E02006058,26,4,15.384615384615385
E02006059,22,5,22.727272727272727
E02006060,28,4,14.285714285714285
E02006061,29,7,24.137931034482758
E02006062,34,14,41.17647058823529
E02006063,20,4,20.0
E02006064,28,13,46.42857142857143
E02006065,27,7,25.925925925925924
E02006066,28,7,25.0
E02006067,26,6,23.076923076923077
E02006068,25,3,12.0
E02006069,35,5,14.285714285714285
E02006070,31,6,19.35483870967742
E02006071,30,6,20.0
E02006072,29,2,6.896551724137931
E02006073,25,2,8.0
E02006074,38,8,21.052631578947366
E02006075,20,3,15.0
E02006076,31,9,29.03225806451613
E02006077,20,9,45.0
E02006078,18,7,38.88888888888889
E02006079,28,6,21.428571428571427
E02006080,22,1,4.545454545454546
E02006081,23,0,0.0
E02006082,20,2,10.0
E02006083,18,6,33.33333333333333
E02006084,25,5,20.0
E02006085,27,6,22.22222222222222
E02006086,24,4,16.666666666666664
E02006087,21,3,14.285714285714285
E02006088,25,1,4.0
E02006089,24,2,8.333333333333332
E02006090,23,4,17.391304347826086
E02006091,34,10,29.411764705882355
E02006092,23,8,34.78260869565217
E02006093,31,8,25.806451612903224
E02006094,20,0,0.0
E02006095,27,9,33.33333333333333
E02006096,22,4,18.181818181818183
E02006097,21,4,19.047619047619047
E02006098,26,5,19.230769230769234
E02006099,26,7,26.923076923076923
E02006100,25,8,32.0
E02006101,18,4,22.22222222222222
E02006102,25,2,8.0
E02006103,27,9,33.33333333333333
E02006104,33,13,39.39393939393939
E02006105,38,7,18.421052631578945
E02006106,32,9,28.125
E02006107,28,2,7.142857142857142
E02006108,32,8,25.0
E02006109,27,8,29.629629629629626
E02006110,33,4,12.121212121212121
E02006111,32,11,34.375
E02006112,28,8,28.57142857142857
E02006113,26,11,42.30769230769231
E02006114,26,9,34.61538461538461
E02006115,28,6,21.428571428571427
E02006116,29,3,10.344827586206897
E02006117,22,2,9.090909090909092
E02006118,22,6,27.27272727272727
E02006119,27,1,3.7037037037037033
E02006120,29,6,20.689655172413794
E02006121,20,3,15.0
E02006122,27,2,7.4074074074074066
E02006123,20,1,5.0
E02006124,24,2,8.333333333333332
E02006125,25,2,8.0
E02006126,25,2,8.0
E02006127,21,2,9.523809523809524
E02006128,28,9,32.142857142857146
E02006129,28,3,10.714285714285714
E02006130,26,4,15.384615384615385
E02006131,26,2,7.6923076923076925
E02006132,23,3,13.043478260869565
E02006133,23,4,17.391304347826086
E02006134,34,9,26.47058823529412
E02006135,26,3,11.538461538461538
E02006136,26,3,11.538461538461538
E02006137,29,3,10.344827586206897
E02006138,21,5,23.809523809523807
E02006139,24,4,16.666666666666664
E02006140,26,5,19.230769230769234
E02006141,34,4,11.76470588235294
E02006142,17,2,11.76470588235294
E02006143,30,4,13.333333333333334
E02006144,27,1,3.7037037037037033
E02006145,18,4,22.22222222222222
E02006146,27,7,25.925925925925924
E02006147,28,6,21.428571428571427
E02006148,24,5,20.833333333333336
E02006149,36,6,16.666666666666664
E02006150,39,8,20.51282051282051
E02006151,31,6,19.35483870967742
E02006152,32,10,31.25
E02006153,30,4,13.333333333333334
E02006154,32,7,21.875
E02006155,18,3,16.666666666666664
E02006156,25,4,16.0
E02006157,23,3,13.043478260869565
E02006158,29,3,10.344827586206897
E02006159,20,3,15.0
E02006160,31,6,19.35483870967742
E02006161,21,3,14.285714285714285
E02006162,29,4,13.793103448275861
E02006163,26,3,11.538461538461538
E02006164,25,3,12.0
E02006165,27,9,33.33333333333333
E02006166,26,4,15.384615384615385
E02006167,33,0,0.0
E02006168,30,2,6.666666666666667
E02006169,21,9,42.857142857142854
E02006170,18,4,22.22222222222222
E02006171,31,2,6.451612903225806
E02006172,33,9,27.27272727272727
E02006173,22,1,4.545454545454546
E02006174,39,6,15.384615384615385
E02006175,20,5,25.0
E02006176,23,7,30.434782608695656
E02006177,33,4,12.121212121212121
E02006178,25,0,0.0
E02006179,21,6,28.57142857142857
E02006180,22,3,13.636363636363635
E02006181,22,4,18.181818181818183
E02006182,23,6,26.08695652173913
E02006185,26,5,19.230769230769234
E02006186,40,9,22.5
E02006187,23,6,26.08695652173913
E02006188,21,7,33.33333333333333
E02006189,25,7,28.000000000000004
E02006190,39,11,28.205128205128204
E02006191,27,11,40.74074074074074
E02006192,26,6,23.076923076923077
E02006193,26,8,30.76923076923077
E02006194,26,5,19.230769230769234
E02006195,26,10,38.46153846153847
E02006196,23,4,17.391304347826086
E02006197,33,4,12.121212121212121
E02006198,29,5,17.24137931034483
E02006199,27,7,25.925925925925924
E02006200,27,2,7.4074074074074066
E02006201,38,6,15.789473684210526
E02006202,29,6,20.689655172413794
E02006203,26,3,11.538461538461538
E02006204,25,5,20.0
E02006205,23,4,17.391304347826086
E02006206,25,4,16.0
E02006207,22,13,59.09090909090909
E02006208,29,13,44.827586206896555
E02006209,35,9,25.71428571428571
E02006210,18,3,16.666666666666664
E02006211,21,7,33.33333333333333
E02006212,27,8,29.629629629629626
E02006213,21,1,4.761904761904762
E02006214,20,7,35.0
E02006215,28,3,10.714285714285714
E02006216,27,5,18.51851851851852
E02006217,32,7,21.875
E02006218,29,1,3.4482758620689653
E02006219,28,2,7.142857142857142
E02006220,25,0,0.0
E02006221,22,5,22.727272727272727
E02006222,21,0,0.0
E02006223,22,1,4.545454545454546
E02006224,23,1,4.3478260869565215
E02006225,21,1,4.761904761904762
E02006226,32,6,18.75
E02006227,22,4,18.181818181818183
E02006228,18,3,16.666666666666664
E02006229,21,10,47.61904761904761
E02006230,39,10,25.64102564102564
E02006231,31,9,29.03225806451613
E02006232,20,7,35.0
E02006233,37,8,21.62162162162162
E02006234,30,6,20.0
E02006235,28,5,17.857142857142858
E02006236,35,10,28.57142857142857
E02006237,28,2,7.142857142857142
E02006238,33,14,42.42424242424242
E02006239,26,0,0.0
E02006240,30,8,26.666666666666668
E02006241,29,6,20.689655172413794
E02006242,34,4,11.76470588235294
E02006243,30,5,16.666666666666664
E02006245,25,2,8.0
E02006246,24,1,4.166666666666666
E02006247,29,6,20.689655172413794
E02006248,26,1,3.8461538461538463
E02006249,28,2,7.142857142857142
E02006250,32,3,9.375
E02006251,37,4,10.81081081081081
E02006252,30,5,16.666666666666664
E02006253,24,5,20.833333333333336
E02006254,30,1,3.3333333333333335
E02006255,26,5,19.230769230769234
E02006256,33,6,18.181818181818183
E02006257,24,2,8.333333333333332
E02006258,28,1,3.571428571428571
E02006259,25,2,8.0
E02006260,27,0,0.0
E02006261,26,4,15.384615384615385
E02006262,26,1,3.8461538461538463
E02006263,23,0,0.0
E02006264,26,7,26.923076923076923
E02006265,23,2,8.695652173913043
E02006266,29,5,17.24137931034483
E02006267,28,1,3.571428571428571
E02006268,21,6,28.57142857142857
E02006269,21,4,19.047619047619047
E02006270,40,12,30.0
E02006271,30,13,43.333333333333336
E02006272,24,7,29.166666666666668
E02006273,22,5,22.727272727272727
E02006274,23,3,13.043478260869565
E02006275,23,3,13.043478260869565
E02006276,27,7,25.925925925925924
E02006277,23,1,4.3478260869565215
E02006278,31,4,12.903225806451612
E02006279,31,4,12.903225806451612
E02006280,32,1,3.125
E02006281,29,7,24.137931034482758
E02006282,24,7,29.166666666666668
E02006283,25,4,16.0
E02006284,25,1,4.0
E02006285,23,6,26.08695652173913
E02006286,33,4,12.121212121212121
E02006287,25,1,4.0
E02006288,34,7,20.588235294117645
E02006289,34,10,29.411764705882355
E02006290,32,14,43.75
E02006291,27,6,22.22222222222222
E02006292,22,1,4.545454545454546
E02006293,34,6,17.647058823529413
E02006294,29,11,37.93103448275862
E02006295,30,12,40.0
E02006296,49,13,26.53061224489796
E02006297,25,3,12.0
E02006298,30,7,23.333333333333332
E02006299,30,17,56.666666666666664
E02006300,28,7,25.0
E02006301,21,5,23.809523809523807
E02006302,25,12,48.0
E02006303,26,2,7.6923076923076925
E02006304,28,12,42.857142857142854
E02006305,33,0,0.0
E02006306,25,5,20.0
E02006307,25,13,52.0
E02006308,28,3,10.714285714285714
E02006309,24,3,12.5
E02006310,25,5,20.0
E02006311,29,11,37.93103448275862
E02006312,34,9,26.47058823529412
E02006313,36,13,36.11111111111111
E02006314,27,5,18.51851851851852
E02006315,25,14,56.00000000000001
E02006316,26,10,38.46153846153847
E02006317,20,0,0.0
E02006318,21,1,4.761904761904762
E02006319,22,1,4.545454545454546
E02006320,23,7,30.434782608695656
E02006321,19,1,5.263157894736842
E02006322,19,3,15.789473684210526
E02006323,23,1,4.3478260869565215
E02006324,22,1,4.545454545454546
E02006325,25,1,4.0
E02006326,23,4,17.391304347826086
E02006327,20,1,5.0
E02006328,30,1,3.3333333333333335
E02006329,20,3,15.0
E02006330,30,5,16.666666666666664
E02006331,21,1,4.761904761904762
E02006332,19,2,10.526315789473683
E02006333,30,1,3.3333333333333335
E02006334,24,0,0.0
E02006335,24,7,29.166666666666668
E02006336,21,4,19.047619047619047
E02006337,26,1,3.8461538461538463
E02006338,20,6,30.0
E02006339,32,2,6.25
E02006341,30,5,16.666666666666664
E02006342,26,1,3.8461538461538463
E02006343,25,1,4.0
E02006344,29,3,10.344827586206897
E02006345,20,5,25.0
E02006346,32,3,9.375
E02006347,25,2,8.0
E02006348,27,5,18.51851851851852
E02006349,25,3,12.0
E02006350,19,2,10.526315789473683
E02006351,26,1,3.8461538461538463
E02006352,18,1,5.555555555555555
E02006353,21,3,14.285714285714285
E02006354,29,3,10.344827586206897
E02006355,19,0,0.0
E02006356,37,8,21.62162162162162
E02006357,23,6,26.08695652173913
E02006358,21,0,0.0
E02006359,20,3,15.0
E02006360,26,8,30.76923076923077
E02006361,19,3,15.789473684210526
E02006362,21,4,19.047619047619047
E02006363,18,1,5.555555555555555
E02006364,25,5,20.0
E02006365,20,2,10.0
E02006366,24,0,0.0
E02006367,19,3,15.789473684210526
E02006368,18,3,16.666666666666664
E02006369,24,8,33.33333333333333
E02006370,20,4,20.0
E02006371,22,2,9.090909090909092
E02006372,21,2,9.523809523809524
E02006373,24,6,25.0
E02006374,22,5,22.727272727272727
E02006375,18,1,5.555555555555555
E02006376,26,6,23.076923076923077
E02006377,18,2,11.11111111111111
E02006378,27,3,11.11111111111111
E02006379,23,7,30.434782608695656
E02006380,24,4,16.666666666666664
E02006381,20,3,15.0
E02006382,20,4,20.0
E02006383,30,8,26.666666666666668
E02006384,32,4,12.5
E02006385,37,8,21.62162162162162
E02006386,25,4,16.0
E02006387,20,3,15.0
E02006388,29,5,17.24137931034483
E02006389,23,3,13.043478260869565
E02006390,32,6,18.75
E02006391,23,6,26.08695652173913
E02006392,31,5,16.129032258064516
E02006393,22,3,13.636363636363635
E02006394,31,7,22.58064516129032
E02006395,31,7,22.58064516129032
E02006396,20,5,25.0
E02006397,20,3,15.0
E02006398,27,5,18.51851851851852
E02006399,39,5,12.82051282051282
E02006400,18,4,22.22222222222222
E02006401,35,6,17.142857142857142
E02006402,30,3,10.0
E02006403,21,4,19.047619047619047
E02006404,21,8,38.095238095238095
E02006405,34,4,11.76470588235294
E02006406,32,5,15.625
E02006407,28,1,3.571428571428571
E02006408,27,3,11.11111111111111
E02006409,22,8,36.36363636363637
E02006410,25,3,12.0
E02006411,24,4,16.666666666666664
E02006412,21,2,9.523809523809524
E02006413,20,2,10.0
E02006414,20,1,5.0
E02006415,23,7,30.434782608695656
E02006416,27,2,7.4074074074074066
E02006417,20,1,5.0
E02006418,22,0,0.0
E02006419,23,1,4.3478260869565215
E02006420,22,1,4.545454545454546
E02006421,30,2,6.666666666666667
E02006422,18,2,11.11111111111111
E02006423,33,6,18.181818181818183
E02006424,18,1,5.555555555555555
E02006425,19,3,15.789473684210526
E02006426,18,1,5.555555555555555
E02006427,22,7,31.818181818181817
E02006429,26,4,15.384615384615385
E02006430,27,2,7.4074074074074066
E02006431,33,4,12.121212121212121
E02006432,17,2,11.76470588235294
E02006433,31,4,12.903225806451612
E02006434,22,5,22.727272727272727
E02006435,19,4,21.052631578947366
E02006436,21,7,33.33333333333333
E02006437,25,7,28.000000000000004
E02006438,26,6,23.076923076923077
E02006439,19,6,31.57894736842105
E02006440,22,2,9.090909090909092
E02006441,24,5,20.833333333333336
E02006442,18,1,5.555555555555555
E02006443,24,5,20.833333333333336
E02006444,21,1,4.761904761904762
E02006445,25,3,12.0
E02006446,22,2,9.090909090909092
E02006447,18,2,11.11111111111111
E02006448,21,1,4.761904761904762
E02006449,24,7,29.166666666666668
E02006450,22,4,18.181818181818183
E02006451,36,8,22.22222222222222
E02006453,24,4,16.666666666666664
E02006454,23,2,8.695652173913043
E02006455,20,3,15.0
E02006456,24,3,12.5
E02006457,29,2,6.896551724137931
E02006458,26,1,3.8461538461538463
E02006459,28,1,3.571428571428571
E02006460,32,4,12.5
E02006461,21,1,4.761904761904762
E02006462,26,5,19.230769230769234
E02006463,36,3,8.333333333333332
E02006464,23,1,4.3478260869565215
E02006465,20,0,0.0
E02006466,33,4,12.121212121212121
E02006467,23,1,4.3478260869565215
E02006468,34,7,20.588235294117645
E02006469,27,1,3.7037037037037033
E02006470,38,10,26.31578947368421
E02006471,23,3,13.043478260869565
E02006472,34,4,11.76470588235294
E02006473,36,5,13.88888888888889
E02006474,22,4,18.181818181818183
E02006475,30,5,16.666666666666664
E02006476,28,0,0.0
E02006477,26,7,26.923076923076923
E02006478,26,4,15.384615384615385
E02006479,26,6,23.076923076923077
E02006480,25,1,4.0
E02006481,22,1,4.545454545454546
E02006482,24,4,16.666666666666664
E02006483,24,0,0.0
E02006484,26,6,23.076923076923077
E02006485,23,8,34.78260869565217
E02006486,25,4,16.0
E02006487,23,0,0.0
E02006488,22,7,31.818181818181817
E02006489,24,3,12.5
E02006490,25,1,4.0
E02006493,33,4,12.121212121212121
E02006494,25,3,12.0
E02006495,25,6,24.0
E02006496,20,2,10.0
E02006497,27,2,7.4074074074074066
E02006498,40,9,22.5
E02006499,19,0,0.0
E02006500,19,5,26.31578947368421
E02006501,32,2,6.25
E02006502,36,8,22.22222222222222
E02006503,31,6,19.35483870967742
E02006504,19,1,5.263157894736842
E02006505,25,10,40.0
E02006506,20,2,10.0
E02006507,33,4,12.121212121212121
E02006508,37,12,32.432432432432435
E02006509,21,4,19.047619047619047
E02006510,24,6,25.0
E02006511,36,9,25.0
E02006512,42,9,21.428571428571427
E02006513,25,6,24.0
E02006514,32,8,25.0
E02006515,33,9,27.27272727272727
E02006516,31,4,12.903225806451612
E02006517,31,7,22.58064516129032
E02006518,35,11,31.428571428571427
E02006519,27,5,18.51851851851852
E02006520,29,3,10.344827586206897
E02006521,25,7,28.000000000000004
E02006522,19,5,26.31578947368421
E02006523,37,6,16.216216216216218
E02006524,19,0,0.0
E02006525,46,6,13.043478260869565
E02006526,31,8,25.806451612903224
E02006527,32,0,0.0
E02006528,38,3,7.894736842105263
E02006529,42,4,9.523809523809524
E02006530,41,7,17.073170731707318
E02006531,31,1,3.225806451612903
E02006532,37,10,27.027027027027028
E02006533,33,4,12.121212121212121
E02006534,27,5,18.51851851851852
E02006535,24,2,8.333333333333332
E02006536,22,0,0.0
E02006537,34,9,26.47058823529412
E02006538,34,8,23.52941176470588
E02006539,25,4,16.0
E02006540,20,3,15.0
E02006541,28,7,25.0
E02006542,23,9,39.130434782608695
E02006543,22,8,36.36363636363637
E02006544,33,11,33.33333333333333
E02006545,38,8,21.052631578947366
E02006546,34,6,17.647058823529413
E02006547,17,1,5.88235294117647
E02006548,32,13,40.625
E02006549,22,18,81.81818181818183
E02006550,32,11,34.375
E02006551,31,22,70.96774193548387
E02006552,25,2,8.0
E02006553,30,11,36.666666666666664
E02006554,25,19,76.0
E02006555,25,3,12.0
E02006556,35,20,57.14285714285714
E02006557,22,3,13.636363636363635
E02006558,38,4,10.526315789473683
E02006559,30,23,76.66666666666667
E02006560,34,13,38.23529411764706
E02006561,22,8,36.36363636363637
E02006562,19,4,21.052631578947366
E02006563,20,5,25.0
E02006564,29,11,37.93103448275862
E02006565,29,7,24.137931034482758
E02006566,27,8,29.629629629629626
E02006567,23,2,8.695652173913043
E02006568,37,4,10.81081081081081
E02006569,29,16,55.172413793103445
E02006570,32,7,21.875
E02006571,27,10,37.03703703703704
E02006572,34,3,8.823529411764707
E02006573,36,16,44.44444444444444
E02006574,39,18,46.15384615384615
E02006575,25,1,4.0
E02006576,34,5,14.705882352941178
E02006577,27,5,18.51851851851852
E02006578,36,2,5.555555555555555
E02006579,26,3,11.538461538461538
E02006580,26,6,23.076923076923077
E02006581,32,4,12.5
E02006582,25,2,8.0
E02006583,30,6,20.0
E02006584,23,6,26.08695652173913
E02006585,26,6,23.076923076923077
E02006586,21,7,33.33333333333333
E02006587,26,6,23.076923076923077
E02006588,34,3,8.823529411764707
E02006589,35,4,11.428571428571429
E02006590,27,8,29.629629629629626
E02006591,27,9,33.33333333333333
E02006592,18,4,22.22222222222222
E02006593,38,9,23.684210526315788
E02006594,36,11,30.555555555555557
E02006595,27,6,22.22222222222222
E02006596,27,8,29.629629629629626
E02006597,38,6,15.789473684210526
E02006598,17,1,5.88235294117647
E02006599,23,10,43.47826086956522
E02006600,35,10,28.57142857142857
E02006601,30,10,33.33333333333333
E02006602,23,5,21.73913043478261
E02006603,29,12,41.37931034482759
E02006604,44,10,22.727272727272727
E02006605,18,2,11.11111111111111
E02006606,25,6,24.0
E02006607,24,3,12.5
E02006608,20,2,10.0
E02006609,23,4,17.391304347826086
E02006610,22,4,18.181818181818183
E02006611,34,9,26.47058823529412
E02006612,37,4,10.81081081081081
E02006613,23,4,17.391304347826086
E02006614,39,5,12.82051282051282
E02006615,22,4,18.181818181818183
E02006616,30,8,26.666666666666668
E02006617,29,3,10.344827586206897
E02006618,19,4,21.052631578947366
E02006619,25,5,20.0
E02006620,31,10,32.25806451612903
E02006621,26,13,50.0
E02006622,27,5,18.51851851851852
E02006623,26,6,23.076923076923077
E02006624,22,2,9.090909090909092
E02006625,24,4,16.666666666666664
E02006626,31,7,22.58064516129032
E02006627,33,9,27.27272727272727
E02006628,28,3,10.714285714285714
E02006629,26,7,26.923076923076923
E02006630,31,2,6.451612903225806
E02006631,35,4,11.428571428571429
E02006632,29,12,41.37931034482759
E02006633,30,18,60.0
E02006634,28,4,14.285714285714285
E02006635,28,9,32.142857142857146
E02006636,24,1,4.166666666666666
E02006637,36,6,16.666666666666664
E02006638,23,5,21.73913043478261
E02006639,30,5,16.666666666666664
E02006640,25,4,16.0
E02006641,28,3,10.714285714285714
E02006642,22,2,9.090909090909092
E02006644,21,0,0.0
E02006645,23,4,17.391304347826086
E02006646,24,5,20.833333333333336
E02006647,18,2,11.11111111111111
E02006648,21,3,14.285714285714285
E02006649,25,4,16.0
E02006650,41,10,24.390243902439025
E02006651,21,7,33.33333333333333
E02006652,28,8,28.57142857142857
E02006653,32,6,18.75
E02006654,34,4,11.76470588235294
E02006655,28,3,10.714285714285714
E02006656,23,4,17.391304347826086
E02006657,33,6,18.181818181818183
E02006658,27,8,29.629629629629626
E02006659,26,4,15.384615384615385
E02006660,43,11,25.581395348837212
E02006661,28,5,17.857142857142858
E02006662,23,9,39.130434782608695
E02006663,44,12,27.27272727272727
E02006664,23,5,21.73913043478261
E02006665,22,6,27.27272727272727
E02006666,22,4,18.181818181818183
E02006667,24,2,8.333333333333332
E02006668,20,3,15.0
E02006669,38,6,15.789473684210526
E02006670,26,6,23.076923076923077
E02006671,23,5,21.73913043478261
E02006672,30,7,23.333333333333332
E02006673,20,6,30.0
E02006674,20,3,15.0
E02006675,25,4,16.0
E02006676,23,0,0.0
E02006677,25,8,32.0
E02006678,25,5,20.0
E02006679,39,7,17.94871794871795
E02006680,26,5,19.230769230769234
E02006681,20,1,5.0
E02006682,36,7,19.444444444444446
E02006683,27,6,22.22222222222222
E02006684,22,4,18.181818181818183
E02006685,33,10,30.303030303030305
E02006686,16,1,6.25
E02006687,26,1,3.8461538461538463
E02006688,19,3,15.789473684210526
E02006689,22,4,18.181818181818183
E02006690,23,7,30.434782608695656
E02006692,18,4,22.22222222222222
E02006693,21,1,4.761904761904762
E02006694,21,9,42.857142857142854
E02006695,23,1,4.3478260869565215
E02006696,20,3,15.0
E02006697,25,2,8.0
E02006698,21,1,4.761904761904762
E02006699,20,3,15.0
E02006700,20,1,5.0
E02006701,21,0,0.0
E02006702,19,3,15.789473684210526
E02006703,25,5,20.0
E02006704,22,7,31.818181818181817
E02006705,23,1,4.3478260869565215
E02006706,24,4,16.666666666666664
E02006707,21,2,9.523809523809524
E02006708,26,3,11.538461538461538
E02006709,24,4,16.666666666666664
E02006710,30,7,23.333333333333332
E02006711,24,5,20.833333333333336
E02006712,22,2,9.090909090909092
E02006713,22,7,31.818181818181817
E02006714,19,4,21.052631578947366
E02006715,29,7,24.137931034482758
E02006716,21,6,28.57142857142857
E02006717,22,5,22.727272727272727
E02006718,21,12,57.14285714285714
E02006719,25,9,36.0
E02006720,25,5,20.0
E02006721,21,3,14.285714285714285
E02006722,18,0,0.0
E02006723,29,4,13.793103448275861
E02006724,21,2,9.523809523809524
E02006725,18,2,11.11111111111111
E02006726,19,1,5.263157894736842
E02006727,19,1,5.263157894736842
E02006728,25,4,16.0
E02006729,24,1,4.166666666666666
E02006730,18,1,5.555555555555555
E02006731,20,4,20.0
E02006732,23,2,8.695652173913043
E02006733,18,4,22.22222222222222
E02006734,27,9,33.33333333333333
E02006735,19,0,0.0
E02006736,22,4,18.181818181818183
E02006737,29,7,24.137931034482758
E02006738,29,2,6.896551724137931
E02006739,18,4,22.22222222222222
E02006740,26,6,23.076923076923077
E02006741,19,3,15.789473684210526
E02006742,28,1,3.571428571428571
E02006743,20,3,15.0
E02006744,27,5,18.51851851851852
E02006745,28,6,21.428571428571427
E02006746,29,5,17.24137931034483
E02006747,19,8,42.10526315789473
E02006748,27,6,22.22222222222222
E02006749,17,2,11.76470588235294
E02006750,19,5,26.31578947368421
E02006751,20,3,15.0
E02006752,27,5,18.51851851851852
E02006753,23,5,21.73913043478261
E02006754,18,2,11.11111111111111
E02006755,18,7,38.88888888888889
E02006756,21,4,19.047619047619047
E02006757,25,7,28.000000000000004
E02006758,18,3,16.666666666666664
E02006759,30,11,36.666666666666664
E02006760,27,9,33.33333333333333
E02006761,22,3,13.636363636363635
E02006762,23,7,30.434782608695656
E02006763,27,6,22.22222222222222
E02006764,20,3,15.0
E02006765,24,10,41.66666666666667
E02006766,25,7,28.000000000000004
E02006767,30,7,23.333333333333332
E02006768,23,3,13.043478260869565
E02006769,26,5,19.230769230769234
E02006770,28,4,14.285714285714285
E02006771,21,4,19.047619047619047
E02006772,22,4,18.181818181818183
E02006773,29,9,31.03448275862069
E02006774,24,5,20.833333333333336
E02006775,19,1,5.263157894736842
E02006776,23,6,26.08695652173913
E02006777,24,7,29.166666666666668
E02006778,23,4,17.391304347826086
E02006779,26,6,23.076923076923077
E02006780,20,5,25.0
E02006781,9,3,33.33333333333333
E02006782,26,4,15.384615384615385
E02006783,23,6,26.08695652173913
E02006784,26,5,19.230769230769234
E02006785,21,4,19.047619047619047
E02006786,22,2,9.090909090909092
E02006787,24,1,4.166666666666666
E02006788,24,2,8.333333333333332
E02006789,20,8,40.0
E02006790,24,7,29.166666666666668
E02006791,24,4,16.666666666666664
E02006792,32,3,9.375
E02006793,27,2,7.4074074074074066
E02006794,23,0,0.0
E02006795,21,0,0.0
E02006796,28,6,21.428571428571427
E02006798,29,0,0.0
E02006799,30,0,0.0
E02006800,34,0,0.0
E02006801,34,2,5.88235294117647
E02006802,29,0,0.0
E02006803,32,11,34.375
E02006804,28,6,21.428571428571427
E02006805,27,4,14.814814814814813
E02006806,25,3,12.0
E02006807,23,5,21.73913043478261
E02006808,21,0,0.0
E02006809,27,0,0.0
E02006810,32,2,6.25
E02006811,37,4,10.81081081081081
E02006812,26,2,7.6923076923076925
E02006813,30,3,10.0
E02006814,28,6,21.428571428571427
E02006815,34,2,5.88235294117647
E02006816,24,3,12.5
E02006817,25,5,20.0
E02006818,27,2,7.4074074074074066
E02006819,27,2,7.4074074074074066
E02006820,34,6,17.647058823529413
E02006821,20,3,15.0
E02006822,28,5,17.857142857142858
E02006823,28,4,14.285714285714285
E02006824,29,6,20.689655172413794
E02006825,19,2,10.526315789473683
E02006826,34,8,23.52941176470588
E02006827,26,1,3.8461538461538463
E02006828,23,4,17.391304347826086
E02006829,23,7,30.434782608695656
E02006830,20,2,10.0
E02006831,20,6,30.0
E02006832,20,3,15.0
E02006833,35,9,25.71428571428571
E02006834,29,4,13.793103448275861
E02006835,20,1,5.0
E02006836,26,1,3.8461538461538463
E02006837,33,4,12.121212121212121
E02006838,23,7,30.434782608695656
E02006839,24,8,33.33333333333333
E02006840,39,16,41.02564102564102
E02006841,31,2,6.451612903225806
E02006842,17,2,11.76470588235294
E02006843,30,1,3.3333333333333335
E02006844,20,0,0.0
E02006845,31,9,29.03225806451613
E02006846,31,13,41.935483870967744
E02006847,41,7,17.073170731707318
E02006848,35,4,11.428571428571429
E02006849,31,6,19.35483870967742
E02006850,26,0,0.0
E02006851,27,1,3.7037037037037033
E02006852,39,3,7.6923076923076925
E02006853,34,0,0.0
E02006854,24,0,0.0
E02006855,19,1,5.263157894736842
E02006856,36,3,8.333333333333332
E02006857,31,5,16.129032258064516
E02006858,29,7,24.137931034482758
E02006859,22,6,27.27272727272727
E02006861,39,3,7.6923076923076925
E02006862,21,1,4.761904761904762
E02006863,32,1,3.125
E02006864,27,10,37.03703703703704
E02006865,23,10,43.47826086956522
E02006866,28,14,50.0
E02006867,27,11,40.74074074074074
E02006868,42,1,2.380952380952381
E02006869,39,5,12.82051282051282
E02006871,42,5,11.904761904761903
E02006872,44,8,18.181818181818183
E02006873,27,2,7.4074074074074066
E02006874,32,9,28.125
E02006875,30,0,0.0
E02006876,29,2,6.896551724137931
E02006877,40,4,10.0
E02006878,49,2,4.081632653061225
E02006879,24,2,8.333333333333332
E02006880,23,6,26.08695652173913
E02006881,35,2,5.714285714285714
E02006882,34,0,0.0
E02006883,22,4,18.181818181818183
E02006884,41,6,14.634146341463413
E02006885,27,3,11.11111111111111
E02006886,44,10,22.727272727272727
E02006887,33,0,0.0
E02006888,19,4,21.052631578947366
E02006889,22,2,9.090909090909092
E02006890,23,0,0.0
E02006891,24,5,20.833333333333336
E02006892,23,11,47.82608695652174
E02006893,37,4,10.81081081081081
E02006894,36,2,5.555555555555555
E02006895,31,0,0.0
E02006896,21,0,0.0
E02006897,32,2,6.25
E02006898,32,2,6.25
E02006899,25,0,0.0
E02006900,37,0,0.0
E02006902,33,0,0.0
E02006903,42,5,11.904761904761903
E02006904,34,2,5.88235294117647
E02006905,26,3,11.538461538461538
E02006906,40,9,22.5
E02006907,31,1,3.225806451612903
E02006908,22,2,9.090909090909092
E02006909,41,5,12.195121951219512
E02006910,37,6,16.216216216216218
E02006912,37,3,8.108108108108109
E02006913,23,1,4.3478260869565215
E02006914,19,0,0.0
E02006915,24,1,4.166666666666666
E02006916,26,0,0.0
E02006917,25,1,4.0
E02006918,21,2,9.523809523809524
E02006919,31,3,9.67741935483871
E02006920,24,1,4.166666666666666
E02006921,23,2,8.695652173913043
E02006922,46,10,21.73913043478261
E02006924,35,0,0.0
E02006925,33,0,0.0
E02006926,25,3,12.0
E02006927,40,6,15.0
E02006928,42,0,0.0
E02006930,28,3,10.714285714285714
E02006931,32,6,18.75
E02006932,31,1,3.225806451612903
E02006933,30,3,10.0
E02006934,24,2,8.333333333333332
E02006935,24,2,8.333333333333332
E02006936,24,4,16.666666666666664
E02006937,27,1,3.7037037037037033
E02006938,22,1,4.545454545454546
E02006939,22,1,4.545454545454546
E02006940,24,3,12.5
E02006941,25,0,0.0
E02006942,23,0,0.0
E02006943,18,0,0.0
E02006944,17,0,0.0
E02006945,27,6,22.22222222222222
E02006946,19,9,47.368421052631575
E02006947,26,1,3.8461538461538463
E02006948,21,0,0.0
E02006949,18,1,5.555555555555555
E02006950,23,3,13.043478260869565
E02006951,24,0,0.0
E02006952,21,3,14.285714285714285
E02006953,29,0,0.0
E02006954,30,1,3.3333333333333335
E02006955,20,0,0.0
E02006956,20,0,0.0
E02006957,21,3,14.285714285714285
E02006958,24,0,0.0
E02006959,30,0,0.0
E02006960,29,2,6.896551724137931
E02006961,24,4,16.666666666666664
E02006962,16,0,0.0
E02006963,22,3,13.636363636363635
E02006964,18,1,5.555555555555555
E02006965,22,0,0.0
E02006966,18,2,11.11111111111111
E02006967,22,4,18.181818181818183
E02006968,27,2,7.4074074074074066
E02006969,22,0,0.0
E02006970,16,1,6.25
E02006971,19,0,0.0
E02006972,16,2,12.5
E02006973,28,2,7.142857142857142
E02006974,40,1,2.5
E02006975,22,1,4.545454545454546
E02006976,17,1,5.88235294117647
E02006978,25,6,24.0
E02006979,22,4,18.181818181818183
E02006980,23,1,4.3478260869565215
E02006981,25,2,8.0
E02006982,42,5,11.904761904761903
E02006983,25,4,16.0
E02006984,19,1,5.263157894736842
E02006985,23,0,0.0
E02006986,15,1,6.666666666666667
E02006987,23,0,0.0
E02006988,23,1,4.3478260869565215
E02006989,19,2,10.526315789473683
E02006990,26,1,3.8461538461538463
E02006991,21,1,4.761904761904762
E02006992,28,1,3.571428571428571
E02006993,26,0,0.0
E02006994,28,0,0.0
E02006995,24,0,0.0
E02006996,26,1,3.8461538461538463
E02006997,24,1,4.166666666666666
E02006998,21,1,4.761904761904762
E02006999,36,0,0.0
E02007000,18,0,0.0
E02007001,20,0,0.0
E02007002,39,7,17.94871794871795
E02007003,38,4,10.526315789473683
E02007004,20,2,10.0
E02007005,24,6,25.0
E02007006,21,5,23.809523809523807
E02007007,21,8,38.095238095238095
E02007008,17,0,0.0
E02007009,28,2,7.142857142857142
E02007010,28,5,17.857142857142858
E02007011,22,3,13.636363636363635
E02007012,29,1,3.4482758620689653
E02007013,33,2,6.0606060606060606
E02007014,21,4,19.047619047619047
E02007015,30,6,20.0
E02007016,27,3,11.11111111111111
E02007017,22,0,0.0
E02007018,18,0,0.0
E02007019,17,1,5.88235294117647
E02007020,21,0,0.0
E02007021,21,3,14.285714285714285
E02007022,46,14,30.434782608695656
E02007023,24,4,16.666666666666664
E02007024,22,6,27.27272727272727
E02007025,24,7,29.166666666666668
E02007026,24,6,25.0
E02007027,32,9,28.125
E02007028,17,9,52.94117647058824
E02007029,43,15,34.883720930232556
E02007030,24,5,20.833333333333336
E02007031,28,6,21.428571428571427
E02007032,25,8,32.0
E02007033,20,9,45.0
E02007034,27,12,44.44444444444444
E02007035,28,6,21.428571428571427
E02007038,42,3,7.142857142857142
E02007039,20,0,0.0
E02007040,17,0,0.0
E02007041,40,13,32.5
E02007042,24,9,37.5
E02007043,22,6,27.27272727272727
E02007044,26,6,23.076923076923077
E02007045,22,5,22.727272727272727
E02007046,22,0,0.0
E02007047,26,5,19.230769230769234
E02007048,25,7,28.000000000000004
E02007049,24,5,20.833333333333336
E02007050,24,6,25.0
E02007051,26,10,38.46153846153847
E02007052,26,2,7.6923076923076925
E02007053,16,5,31.25
E02007054,25,5,20.0
E02007055,26,12,46.15384615384615
E02007056,23,3,13.043478260869565
E02007057,24,4,16.666666666666664
E02007058,45,8,17.77777777777778
E02007059,44,1,2.272727272727273
E02007060,23,5,21.73913043478261
E02007061,24,7,29.166666666666668
E02007062,22,3,13.636363636363635
E02007063,25,0,0.0
E02007064,26,3,11.538461538461538
E02007065,26,0,0.0
E02007066,23,3,13.043478260869565
E02007067,21,2,9.523809523809524
E02007068,17,1,5.88235294117647
E02007069,19,1,5.263157894736842
E02007070,21,3,14.285714285714285
E02007071,32,9,28.125
E02007072,25,1,4.0
E02007073,23,2,8.695652173913043
E02007074,26,2,7.6923076923076925
E02007075,24,0,0.0
E02007076,24,2,8.333333333333332
E02007077,24,10,41.66666666666667
E02007078,18,1,5.555555555555555
E02007079,26,3,11.538461538461538
E02007080,26,13,50.0
E02007081,37,7,18.91891891891892
E02007082,40,8,20.0
E02007083,28,0,0.0
E02007084,32,3,9.375
E02007085,40,2,5.0
E02007086,34,3,8.823529411764707
E02007087,23,4,17.391304347826086
E02007088,28,5,17.857142857142858
E02007089,23,5,21.73913043478261
E02007090,18,3,16.666666666666664
E02007091,21,9,42.857142857142854
E02007092,19,3,15.789473684210526
E02007093,27,3,11.11111111111111
E02007094,25,2,8.0
E02007095,32,4,12.5
E02007096,21,1,4.761904761904762
E02007097,23,6,26.08695652173913
E02007098,23,1,4.3478260869565215
E02007099,28,2,7.142857142857142
E02007100,20,4,20.0
E02007101,24,5,20.833333333333336
E02007102,19,2,10.526315789473683
E02007103,21,4,19.047619047619047
E02007104,16,0,0.0
E02007105,46,9,19.565217391304348
E02007106,49,2,4.081632653061225
E02007107,32,8,25.0
E02007108,22,1,4.545454545454546
E02007109,27,2,7.4074074074074066
E02007110,24,0,0.0
E02007111,22,0,0.0
E02007112,21,0,0.0
E02007113,26,0,0.0
E02007114,20,1,5.0
E02007115,40,0,0.0
E02007116,24,1,4.166666666666666
W02000001,29,2,6.896551724137931
W02000002,21,0,0.0
W02000003,35,3,8.571428571428571
W02000004,26,8,30.76923076923077
W02000005,32,6,18.75
W02000006,21,3,14.285714285714285
W02000007,21,1,4.761904761904762
W02000008,21,10,47.61904761904761
W02000009,23,2,8.695652173913043
W02000010,24,2,8.333333333333332
W02000011,25,4,16.0
W02000012,27,5,18.51851851851852
W02000013,21,8,38.095238095238095
W02000014,22,1,4.545454545454546
W02000015,28,6,21.428571428571427
W02000016,23,3,13.043478260869565
W02000017,25,2,8.0
W02000018,21,1,4.761904761904762
W02000019,25,6,24.0
W02000020,23,4,17.391304347826086
W02000021,27,3,11.11111111111111
W02000022,21,1,4.761904761904762
W02000023,20,0,0.0
W02000024,18,1,5.555555555555555
W02000025,25,5,20.0
W02000026,29,11,37.93103448275862
W02000027,33,7,21.21212121212121
W02000028,24,8,33.33333333333333
W02000029,22,10,45.45454545454545
W02000030,22,10,45.45454545454545
W02000031,27,16,59.25925925925925
W02000032,28,17,60.71428571428571
W02000033,21,2,9.523809523809524
W02000034,24,4,16.666666666666664
W02000035,28,7,25.0
W02000036,38,23,60.526315789473685
W02000037,23,5,21.73913043478261
W02000038,21,4,19.047619047619047
W02000039,26,9,34.61538461538461
W02000040,21,2,9.523809523809524
W02000041,30,3,10.0
W02000042,22,11,50.0
W02000043,19,4,21.052631578947366
W02000044,20,9,45.0
W02000045,32,5,15.625
W02000047,16,1,6.25
W02000049,22,3,13.636363636363635
W02000050,24,10,41.66666666666667
W02000051,18,9,50.0
W02000052,18,3,16.666666666666664
W02000053,20,4,20.0
W02000054,19,0,0.0
W02000055,20,10,50.0
W02000056,17,1,5.88235294117647
W02000057,21,7,33.33333333333333
W02000058,20,4,20.0
W02000059,22,5,22.727272727272727
W02000060,35,2,5.714285714285714
W02000061,26,1,3.8461538461538463
W02000062,19,1,5.263157894736842
W02000063,29,3,10.344827586206897
W02000064,21,0,0.0
W02000065,23,5,21.73913043478261
W02000066,31,3,9.67741935483871
W02000067,22,7,31.818181818181817
W02000068,17,1,5.88235294117647
W02000069,19,3,15.789473684210526
W02000070,33,7,21.21212121212121
W02000071,24,6,25.0
W02000072,38,2,5.263157894736842
W02000073,34,10,29.411764705882355
W02000074,33,5,15.151515151515152
W02000075,19,4,21.052631578947366
W02000076,24,2,8.333333333333332
W02000077,21,5,23.809523809523807
W02000080,26,1,3.8461538461538463
W02000081,18,3,16.666666666666664
W02000082,25,1,4.0
W02000083,28,7,25.0
W02000085,31,7,22.58064516129032
W02000087,22,2,9.090909090909092
W02000088,27,4,14.814814814814813
W02000089,28,7,25.0
W02000090,19,0,0.0
W02000091,21,2,9.523809523809524
W02000092,23,1,4.3478260869565215
W02000093,23,3,13.043478260869565
W02000094,29,5,17.24137931034483
W02000095,21,3,14.285714285714285
W02000096,22,1,4.545454545454546
W02000097,28,2,7.142857142857142
W02000098,19,1,5.263157894736842
W02000099,24,6,25.0
W02000100,21,0,0.0
W02000101,17,0,0.0
W02000102,17,2,11.76470588235294
W02000103,16,1,6.25
W02000104,23,7,30.434782608695656
W02000105,17,1,5.88235294117647
W02000106,23,3,13.043478260869565
W02000107,34,7,20.588235294117645
W02000108,23,2,8.695652173913043
W02000109,20,7,35.0
W02000110,25,3,12.0
W02000111,26,5,19.230769230769234
W02000113,28,12,42.857142857142854
W02000114,21,8,38.095238095238095
W02000116,26,1,3.8461538461538463
W02000117,28,2,7.142857142857142
W02000118,23,1,4.3478260869565215
W02000120,26,0,0.0
W02000122,23,0,0.0
W02000123,31,3,9.67741935483871
W02000124,33,3,9.090909090909092
W02000125,28,0,0.0
W02000126,26,2,7.6923076923076925
W02000127,31,11,35.483870967741936
W02000128,23,1,4.3478260869565215
W02000129,23,1,4.3478260869565215
W02000130,23,3,13.043478260869565
W02000131,24,5,20.833333333333336
W02000132,21,3,14.285714285714285
W02000133,27,2,7.4074074074074066
W02000134,27,3,11.11111111111111
W02000135,25,6,24.0
W02000136,31,11,35.483870967741936
W02000137,25,6,24.0
W02000138,31,4,12.903225806451612
W02000139,23,9,39.130434782608695
W02000140,22,2,9.090909090909092
W02000141,24,8,33.33333333333333
W02000142,18,1,5.555555555555555
W02000143,21,1,4.761904761904762
W02000144,24,0,0.0
W02000145,23,1,4.3478260869565215
W02000146,22,0,0.0
W02000147,26,3,11.538461538461538
W02000148,18,4,22.22222222222222
W02000149,22,7,31.818181818181817
W02000151,24,4,16.666666666666664
W02000152,25,6,24.0
W02000153,27,1,3.7037037037037033
W02000154,26,7,26.923076923076923
W02000156,24,5,20.833333333333336
W02000157,30,5,16.666666666666664
W02000158,18,2,11.11111111111111
W02000159,19,6,31.57894736842105
W02000160,24,8,33.33333333333333
W02000161,18,0,0.0
W02000162,30,6,20.0
W02000163,18,2,11.11111111111111
W02000164,26,5,19.230769230769234
W02000165,22,1,4.545454545454546
W02000166,30,0,0.0
W02000167,38,2,5.263157894736842
W02000168,22,1,4.545454545454546
W02000169,31,4,12.903225806451612
W02000170,31,3,9.67741935483871
W02000171,26,4,15.384615384615385
W02000172,31,7,22.58064516129032
W02000173,22,3,13.636363636363635
W02000174,32,2,6.25
W02000175,25,1,4.0
W02000176,31,5,16.129032258064516
W02000177,22,5,22.727272727272727
W02000178,29,2,6.896551724137931
W02000179,22,4,18.181818181818183
W02000180,26,3,11.538461538461538
W02000181,27,2,7.4074074074074066
W02000182,27,3,11.11111111111111
W02000183,35,3,8.571428571428571
W02000184,25,2,8.0
W02000185,17,6,35.294117647058826
W02000186,30,2,6.666666666666667
W02000188,28,2,7.142857142857142
W02000189,29,4,13.793103448275861
W02000191,30,2,6.666666666666667
W02000192,36,2,5.555555555555555
W02000193,25,2,8.0
W02000194,19,3,15.789473684210526
W02000195,21,9,42.857142857142854
W02000196,24,8,33.33333333333333
W02000197,20,3,15.0
W02000198,27,11,40.74074074074074
W02000200,17,5,29.411764705882355
W02000201,19,3,15.789473684210526
W02000202,38,4,10.526315789473683
W02000204,23,6,26.08695652173913
W02000205,22,5,22.727272727272727
W02000206,26,3,11.538461538461538
W02000207,17,3,17.647058823529413
W02000208,36,6,16.666666666666664
W02000210,21,1,4.761904761904762
W02000211,29,4,13.793103448275861
W02000212,26,2,7.6923076923076925
W02000213,22,3,13.636363636363635
W02000214,33,2,6.0606060606060606
W02000215,33,4,12.121212121212121
W02000216,24,2,8.333333333333332
W02000217,21,0,0.0
W02000218,23,2,8.695652173913043
W02000219,26,1,3.8461538461538463
W02000220,26,1,3.8461538461538463
W02000221,24,2,8.333333333333332
W02000222,21,4,19.047619047619047
W02000223,19,1,5.263157894736842
W02000224,21,3,14.285714285714285
W02000225,30,4,13.333333333333334
W02000226,35,4,11.428571428571429
W02000227,23,3,13.043478260869565
W02000228,39,9,23.076923076923077
W02000229,21,1,4.761904761904762
W02000230,17,2,11.76470588235294
W02000231,28,4,14.285714285714285
W02000232,18,3,16.666666666666664
W02000233,22,4,18.181818181818183
W02000234,31,4,12.903225806451612
W02000235,32,12,37.5
W02000236,24,6,25.0
W02000237,16,5,31.25
W02000238,21,11,52.38095238095239
W02000239,22,5,22.727272727272727
W02000240,29,8,27.586206896551722
W02000241,37,10,27.027027027027028
W02000242,26,2,7.6923076923076925
W02000243,30,1,3.3333333333333335
W02000244,34,6,17.647058823529413
W02000245,28,1,3.571428571428571
W02000246,19,7,36.84210526315789
W02000247,32,10,31.25
W02000248,35,4,11.428571428571429
W02000249,30,9,30.0
W02000250,35,11,31.428571428571427
W02000251,40,9,22.5
W02000252,30,5,16.666666666666664
W02000253,22,2,9.090909090909092
W02000254,26,3,11.538461538461538
W02000255,22,2,9.090909090909092
W02000256,34,3,8.823529411764707
W02000257,24,2,8.333333333333332
W02000258,20,1,5.0
W02000259,20,0,0.0
W02000260,22,0,0.0
W02000261,27,6,22.22222222222222
W02000262,18,3,16.666666666666664
W02000263,21,3,14.285714285714285
W02000264,21,5,23.809523809523807
W02000265,31,5,16.129032258064516
W02000266,25,4,16.0
W02000267,22,3,13.636363636363635
W02000268,32,2,6.25
W02000269,28,0,0.0
W02000270,22,5,22.727272727272727
W02000271,20,2,10.0
W02000272,34,2,5.88235294117647
W02000273,29,4,13.793103448275861
W02000274,32,2,6.25
W02000275,19,1,5.263157894736842
W02000276,22,3,13.636363636363635
W02000277,24,6,25.0
W02000278,28,1,3.571428571428571
W02000279,27,2,7.4074074074074066
W02000280,29,3,10.344827586206897
W02000281,25,2,8.0
W02000282,33,3,9.090909090909092
W02000284,32,3,9.375
W02000285,27,2,7.4074074074074066
W02000286,24,3,12.5
W02000287,26,0,0.0
W02000288,28,2,7.142857142857142
W02000289,28,3,10.714285714285714
W02000290,30,3,10.0
W02000291,24,3,12.5
W02000292,19,1,5.263157894736842
W02000293,21,2,9.523809523809524
W02000294,18,2,11.11111111111111
W02000295,30,4,13.333333333333334
W02000296,24,1,4.166666666666666
W02000297,24,5,20.833333333333336
W02000298,21,3,14.285714285714285
W02000299,20,2,10.0
W02000300,27,3,11.11111111111111
W02000301,24,0,0.0
W02000302,34,4,11.76470588235294
W02000303,23,4,17.391304347826086
W02000304,18,2,11.11111111111111
W02000305,21,3,14.285714285714285
W02000306,18,0,0.0
W02000307,21,3,14.285714285714285
W02000308,28,3,10.714285714285714
W02000309,21,2,9.523809523809524
W02000310,18,3,16.666666666666664
W02000311,33,5,15.151515151515152
W02000312,25,3,12.0
W02000313,33,13,39.39393939393939
W02000314,24,2,8.333333333333332
W02000315,20,3,15.0
W02000316,25,2,8.0
W02000317,25,2,8.0
W02000318,31,2,6.451612903225806
W02000319,31,2,6.451612903225806
W02000320,28,2,7.142857142857142
W02000321,31,6,19.35483870967742
W02000322,26,1,3.8461538461538463
W02000323,21,0,0.0
W02000324,22,3,13.636363636363635
W02000325,24,1,4.166666666666666
W02000326,31,5,16.129032258064516
W02000327,21,6,28.57142857142857
W02000328,26,2,7.6923076923076925
W02000329,28,4,14.285714285714285
W02000330,25,8,32.0
W02000331,22,0,0.0
W02000332,28,1,3.571428571428571
W02000333,21,2,9.523809523809524
W02000334,23,2,8.695652173913043
W02000335,25,1,4.0
W02000336,27,12,44.44444444444444
W02000337,27,5,18.51851851851852
W02000338,30,9,30.0
W02000339,39,9,23.076923076923077
W02000340,22,2,9.090909090909092
W02000341,25,6,24.0
W02000342,29,0,0.0
W02000343,28,7,25.0
W02000344,26,4,15.384615384615385
W02000345,28,4,14.285714285714285
W02000346,24,1,4.166666666666666
W02000347,27,8,29.629629629629626
W02000348,26,1,3.8461538461538463
W02000349,29,1,3.4482758620689653
W02000350,32,5,15.625
W02000351,21,1,4.761904761904762
W02000352,24,4,16.666666666666664
W02000353,24,8,33.33333333333333
W02000354,19,2,10.526315789473683
W02000355,31,4,12.903225806451612
W02000356,18,0,0.0
W02000357,26,8,30.76923076923077
W02000358,19,2,10.526315789473683
W02000359,34,5,14.705882352941178
W02000360,22,1,4.545454545454546
W02000361,37,4,10.81081081081081
W02000362,23,3,13.043478260869565
W02000363,20,3,15.0
W02000364,26,3,11.538461538461538
W02000365,28,3,10.714285714285714
W02000366,25,4,16.0
W02000367,19,3,15.789473684210526
W02000368,19,2,10.526315789473683
W02000369,31,2,6.451612903225806
W02000370,23,1,4.3478260869565215
W02000371,30,4,13.333333333333334
W02000372,23,1,4.3478260869565215
W02000373,22,1,4.545454545454546
W02000374,18,2,11.11111111111111
W02000375,21,3,14.285714285714285
W02000376,22,3,13.636363636363635
W02000377,24,4,16.666666666666664
W02000378,25,8,32.0
W02000379,19,3,15.789473684210526
W02000380,26,1,3.8461538461538463
W02000381,22,2,9.090909090909092
W02000382,18,0,0.0
W02000383,23,2,8.695652173913043
W02000384,18,4,22.22222222222222
W02000385,22,0,0.0
W02000386,27,6,22.22222222222222
W02000387,19,9,47.368421052631575
W02000388,19,1,5.263157894736842
W02000389,27,3,11.11111111111111
W02000390,19,3,15.789473684210526
W02000391,19,2,10.526315789473683
W02000392,30,5,16.666666666666664
W02000393,22,4,18.181818181818183
W02000394,23,3,13.043478260869565
W02000395,20,2,10.0
W02000396,23,2,8.695652173913043
W02000397,22,0,0.0
W02000398,30,4,13.333333333333334
W02000399,33,2,6.0606060606060606
W02000400,22,2,9.090909090909092
W02000401,21,7,33.33333333333333
W02000402,29,2,6.896551724137931
W02000403,26,1,3.8461538461538463
W02000404,20,1,5.0
W02000405,23,2,8.695652173913043
W02000406,33,3,9.090909090909092
W02000407,19,0,0.0
W02000408,21,3,14.285714285714285
W02000409,20,3,15.0
W02000410,23,0,0.0
W02000411,20,1,5.0
W02000412,20,1,5.0
W02000414,21,0,0.0
W02000415,30,0,0.0
W02000416,37,8,21.62162162162162
W02000417,36,7,19.444444444444446
W02000418,42,3,7.142857142857142
W02000419,39,18,46.15384615384615
W02000421,39,3,7.6923076923076925
W02000422,28,4,14.285714285714285
W02000423,32,2,6.25
W02000424,23,6,26.08695652173913
W02000425,23,4,17.391304347826086
W02000426,37,7,18.91891891891892
W02000427,42,6,14.285714285714285
W02000428,36,9,25.0
